student_id,full_name,age,gender,department,semester,attendance,study_hours,assignment_score,internal_marks,previous_gpa,sleep_hours,stress_level,extracurricular,internet_usage,class_participation,predicted_marks
S0001,John Vargas,23,Male,CSE,8,88,6.6,54,95,7.98,6.2,7,True,4.2,5,100.0
S0002,Joe Barber,18,Male,ECE,7,93,7.6,41,98,9.96,7.1,10,False,1.0,9,100.0
S0003,Albert Ryan,22,Male,CSE,4,91,1.3,99,49,7.28,7.9,3,False,4.6,9,100.0
S0004,Sarah Phelps,23,Male,EEE,2,74,7.8,89,43,5.08,5.2,7,False,4.5,3,88.93
S0005,Mr. Randall Lynch,23,Male,EEE,1,89,6.3,45,88,7.73,4.9,2,False,4.1,10,100.0
S0006,Jean Smith,18,Male,AIML,8,89,6.9,84,87,7.93,8.8,9,True,6.6,1,100.0
S0007,Terry Jackson,21,Male,AIML,8,50,2.4,63,97,9.08,7.5,3,True,6.4,5,100.0
S0008,Roger Herrera,20,Male,CIVIL,3,61,3.3,87,57,8.34,7.3,8,False,7.2,1,88.08
S0009,Deanna Christensen,21,Male,EEE,6,50,6.1,94,48,7.47,6.6,10,False,4.1,3,92.32
S0010,David Cardenas,19,Male,CIVIL,1,86,2.7,84,49,8.78,5.1,7,True,5.9,2,87.33
S0011,Christopher Brown,20,Female,AIML,4,55,4.2,83,78,7.08,8.4,10,True,7.3,7,93.43
S0012,Shannon Jacobson,18,Female,AIML,6,62,7.0,78,61,7.09,5.1,3,False,3.4,6,100.0
S0013,Mary Davidson,22,Female,AIML,1,98,2.8,51,73,7.49,5.5,1,False,1.3,1,92.08
S0014,Sandra Valdez,20,Male,CIVIL,8,68,5.8,92,78,7.24,6.8,7,False,1.6,8,100.0
S0015,Karen Roberts,20,Female,ECE,7,54,5.4,45,45,9.08,8.0,9,False,4.6,3,98.23
S0016,Jason Kelly,18,Female,CIVIL,2,68,3.4,46,86,9.7,6.0,7,False,6.9,9,100.0
S0017,Jason Smith,20,Female,CIVIL,8,84,2.6,55,94,6.3,9.0,5,True,7.2,7,88.22
S0018,Anthony Campos,18,Male,CSE,8,82,5.5,50,70,9.49,7.0,3,False,1.7,3,100.0
S0019,Andrea Terry,20,Male,AIML,8,95,4.8,93,69,8.26,5.1,1,False,2.7,5,100.0
S0020,Christopher Callahan,22,Female,AIML,4,61,4.6,61,56,6.22,8.9,3,False,7.3,2,79.46
S0021,Patricia Riley,22,Female,MECH,1,96,4.4,44,95,7.5,6.9,1,False,2.2,5,100.0
S0022,Dr. Caitlin Cruz,19,Male,CSE,7,95,7.8,74,94,9.27,5.5,5,False,7.0,3,100.0
S0023,Zachary Stein,22,Female,CSE,3,52,5.0,63,66,8.36,5.8,10,False,3.3,8,100.0
S0024,Jordan Smith,21,Female,CSE,8,99,7.1,52,94,7.56,6.5,4,True,1.5,3,100.0
S0025,Matthew Kennedy,18,Female,MECH,4,72,5.7,90,59,5.78,8.9,6,False,7.0,1,84.45
S0026,Paige Jackson,21,Female,CIVIL,3,93,7.8,78,40,5.26,6.7,3,True,2.0,2,97.24
S0027,Timothy Lamb,19,Male,CSE,8,66,3.8,58,92,5.39,4.1,5,False,6.9,9,90.54
S0028,Hannah Garcia,21,Female,ECE,5,97,2.3,84,35,9.77,7.7,5,False,6.1,3,98.8
S0029,Mr. Jerry Garcia,21,Male,CIVIL,6,71,1.1,53,81,5.2,8.3,4,True,4.3,10,89.84
S0030,Brent Lucas,22,Male,EEE,8,86,3.8,49,68,6.3,4.1,3,False,4.5,8,98.53
S0031,Lisa Frazier,21,Male,AIML,1,73,7.6,41,66,9.7,6.9,2,True,5.5,1,100.0
S0032,Nicholas Davis,18,Female,MECH,2,89,7.3,83,63,5.35,4.5,2,True,1.7,3,100.0
S0033,Lauren Carter,20,Male,ECE,8,59,1.2,73,41,5.59,7.5,8,False,3.9,9,63.37
S0034,Vanessa Davis,20,Male,CIVIL,1,85,3.6,78,58,9.34,6.8,1,True,6.3,9,100.0
S0035,Henry Smith,21,Male,CSE,7,98,4.5,87,47,9.48,5.9,9,True,1.6,7,100.0
S0036,Jaime Scott,22,Male,CSE,2,65,4.1,74,46,6.64,7.4,4,True,6.5,9,99.36
S0037,Heather Lopez,23,Male,CIVIL,5,88,8.0,97,39,8.69,6.7,2,True,2.0,10,100.0
S0038,Cory Williams,23,Female,AIML,7,89,1.5,89,61,8.53,4.4,5,False,7.9,1,86.48
S0039,Charles Peterson,22,Male,CSE,4,56,7.9,43,70,6.88,4.4,6,True,4.0,10,100.0
S0040,Steven Peterson,18,Female,MECH,6,69,1.8,100,73,8.73,6.9,9,True,4.3,9,94.29
S0041,Gavin Harvey,19,Male,AIML,1,93,7.8,84,95,6.61,4.2,5,True,7.4,4,100.0
S0042,Sandra Jensen,23,Female,EEE,5,63,3.1,40,88,7.92,8.5,9,True,3.0,8,95.12
S0043,Ann Jones,22,Male,CIVIL,3,57,2.2,75,42,6.77,6.9,5,True,2.8,6,91.86
S0044,Crystal Mccullough,18,Female,AIML,2,55,7.6,44,81,9.6,4.4,2,True,1.3,7,100.0
S0045,Michael Cherry,23,Female,AIML,5,81,7.9,50,60,6.9,8.8,1,True,1.4,9,100.0
S0046,Michelle Kirk,23,Male,CIVIL,1,80,6.2,42,87,7.93,7.6,10,False,3.6,5,98.53
S0047,Kevin Middleton,23,Male,ECE,2,100,2.9,43,96,9.39,7.8,2,False,2.9,7,100.0
S0048,Matthew Wood,22,Male,CIVIL,2,61,6.7,83,39,5.44,8.0,1,False,4.4,7,100.0
S0049,Sara Collier DVM,23,Male,EEE,6,60,2.5,77,98,5.07,5.8,2,False,3.7,3,83.79
S0050,Corey Sullivan,22,Female,CIVIL,5,91,7.0,44,63,5.74,8.6,10,True,2.8,8,100.0
S0051,Amy Monroe,21,Female,AIML,3,51,3.3,82,77,6.2,4.4,9,True,1.9,6,80.18
S0052,Michael Meyers,22,Female,MECH,6,81,4.3,68,66,5.86,5.0,3,True,2.2,10,100.0
S0053,Patrick Collins,20,Male,MECH,1,50,4.7,51,80,6.82,6.5,9,False,6.6,9,93.61
S0054,Samantha Contreras,23,Female,CSE,5,75,7.1,47,86,6.05,5.9,6,False,5.3,7,100.0
S0055,William Anderson,22,Female,CSE,7,75,1.3,95,41,8.44,8.2,2,False,3.5,3,89.61
S0056,Collin Brown,22,Female,EEE,7,66,2.5,65,78,6.17,5.7,9,False,3.5,9,82.14
S0057,Lori Hale,20,Male,CIVIL,5,71,5.1,47,74,7.16,4.6,9,True,3.5,10,92.4
S0058,Ashley Mills,20,Male,MECH,4,82,1.1,60,38,9.25,4.4,8,True,6.9,3,79.6
S0059,Sarah Gross,19,Male,MECH,4,73,1.8,41,38,5.03,8.9,8,False,5.7,9,70.8
S0060,Jennifer Floyd,22,Female,ECE,7,54,2.3,93,53,6.0,7.7,1,False,6.4,6,98.88
S0061,Vanessa Andrews,18,Male,MECH,1,85,3.2,42,67,6.85,6.3,5,True,4.8,2,85.77
S0062,Bradley Lyons,23,Male,ECE,1,66,1.8,54,58,8.03,8.0,1,True,6.8,2,82.27
S0063,Brandi Perry,20,Female,CSE,6,83,2.3,74,35,8.71,6.9,8,True,6.6,3,85.19
S0064,Mark Acevedo,18,Male,AIML,1,53,3.2,81,52,9.08,6.2,3,True,3.1,7,100.0
S0065,Aaron Stephenson,21,Male,MECH,1,96,3.7,53,87,9.53,7.1,3,False,7.6,7,100.0
S0066,Julie Barrera,23,Female,CSE,5,79,7.3,75,63,5.76,5.6,5,True,6.2,4,100.0
S0067,Noah Ferguson,21,Male,CSE,3,59,3.4,77,47,5.55,8.2,8,False,3.8,8,81.52
S0068,Ruth Hoover,23,Female,CSE,6,80,5.2,75,70,8.58,7.0,4,True,7.7,8,100.0
S0069,Amanda Meyer,18,Female,ECE,5,92,2.1,52,96,5.5,5.3,8,False,5.2,4,73.93
S0070,Justin Garza,18,Male,CIVIL,7,63,7.5,61,45,7.25,4.6,5,False,6.9,6,100.0
S0071,Justin Richardson,19,Male,CIVIL,2,100,5.1,60,81,5.27,5.7,4,True,1.0,9,100.0
S0072,Donna Wilkins,21,Female,MECH,8,56,3.4,73,51,7.94,4.2,3,False,2.2,7,93.52
S0073,Jonathan Bryan,21,Male,MECH,8,82,3.5,82,56,6.1,5.1,1,True,7.8,9,99.74
S0074,Julia Hoffman,22,Male,CIVIL,8,98,3.1,71,47,6.99,6.1,8,True,3.4,1,73.3
S0075,Steven Hopkins,22,Male,ECE,8,89,5.1,40,81,7.64,6.7,1,False,4.5,3,100.0
S0076,David Waters,18,Male,ECE,8,59,2.9,85,68,7.04,4.1,2,True,5.6,1,83.87
S0077,Mike White,23,Female,CIVIL,3,72,5.7,100,88,6.7,6.8,3,True,4.9,8,100.0
S0078,David Garcia,22,Male,MECH,3,65,3.8,76,88,6.02,5.5,2,True,5.4,1,86.68
S0079,Christopher Nelson,18,Female,MECH,4,85,5.5,57,36,9.55,7.1,10,True,3.7,7,100.0
S0080,Kelsey Houston,20,Male,CIVIL,1,84,7.6,61,58,5.57,6.8,7,False,2.3,2,89.09
S0081,Robin Hines,22,Female,EEE,1,89,5.9,64,56,9.17,8.9,10,True,2.2,7,100.0
S0082,David Smith,23,Male,CSE,4,87,1.5,76,59,7.49,7.6,5,False,2.0,9,100.0
S0083,Matthew Potts,21,Male,CSE,5,94,5.7,46,44,9.57,6.1,10,False,1.3,6,100.0
S0084,Kelly Roberts,23,Female,MECH,8,70,6.9,50,70,8.6,5.5,3,False,4.3,8,100.0
S0085,Heather Sellers,18,Male,AIML,1,82,2.9,86,54,5.81,8.2,1,False,7.7,2,83.76
S0086,Lisa Barnett,23,Female,CSE,4,74,5.9,79,76,7.3,4.4,2,True,1.0,3,100.0
S0087,Eric Johnson,18,Male,MECH,6,68,3.2,98,83,5.68,8.8,7,True,2.3,8,100.0
S0088,Anthony Bernard,18,Male,CSE,5,65,6.9,64,46,6.11,8.9,10,True,1.3,7,100.0
S0089,Patricia Cross,18,Female,ECE,4,71,7.4,53,41,6.49,8.6,2,True,7.6,2,100.0
S0090,Jacqueline Schultz,22,Female,AIML,5,94,1.5,76,77,6.7,7.6,7,True,6.6,4,70.92
S0091,Maria Mcclain,20,Male,CIVIL,4,67,4.6,84,76,9.38,6.1,3,False,7.9,7,100.0
S0092,Jennifer Taylor,23,Male,EEE,5,78,6.4,68,96,7.4,7.1,8,False,7.9,10,100.0
S0093,Brandy Miller,18,Male,AIML,1,50,2.7,42,79,6.77,5.4,4,False,2.6,9,93.67
S0094,Christina Rose,20,Female,MECH,2,73,1.9,98,71,8.93,4.4,6,True,7.2,8,100.0
S0095,Michele Delacruz,18,Male,CSE,3,74,6.2,43,93,7.01,8.2,6,True,6.8,10,100.0
S0096,Christina Romero,20,Female,CSE,6,55,6.6,93,81,6.08,6.6,4,False,4.7,10,100.0
S0097,Levi House,20,Female,MECH,1,66,2.1,71,47,6.12,6.7,9,False,5.1,2,54.58
S0098,Debbie Snyder,21,Male,CIVIL,8,52,7.7,51,76,9.05,7.3,5,True,1.6,8,100.0
S0099,Meghan Stevens,20,Female,ECE,8,54,1.3,57,71,6.1,7.4,5,True,7.0,8,80.54
S0100,Tyler Ward,22,Male,MECH,1,89,5.7,66,67,9.39,8.0,8,False,7.0,9,100.0
S0101,Kimberly Hodge,19,Female,CSE,6,91,1.7,66,72,5.95,8.4,10,True,1.2,7,84.07
S0102,Angela Valenzuela,22,Male,CIVIL,3,62,4.6,78,47,8.08,8.9,1,False,2.8,8,100.0
S0103,Monique Bennett,20,Female,AIML,4,79,1.1,80,97,6.96,4.9,5,True,6.5,4,85.39
S0104,Sarah Williams,20,Male,EEE,5,71,6.0,93,99,5.29,4.4,2,False,7.9,4,100.0
S0105,Cynthia Miranda,21,Male,ECE,5,61,1.2,50,67,6.62,6.4,3,True,5.8,10,87.61
S0106,Monica Gilbert,20,Male,ECE,1,90,2.1,94,63,8.47,5.1,2,True,5.8,6,99.71
S0107,Victor Elliott,21,Female,CSE,5,93,1.2,68,55,9.55,8.3,4,False,6.3,5,98.36
S0108,Scott Fox,22,Male,ECE,6,84,1.2,64,58,6.84,8.3,8,False,2.3,1,72.71
S0109,Daniel Gaines,18,Female,AIML,4,99,6.3,42,98,6.47,8.6,10,True,2.3,9,100.0
S0110,Stephanie Walsh,23,Male,CIVIL,8,71,5.1,92,36,8.99,5.6,1,False,4.3,2,100.0
S0111,Cory Bridges,23,Female,EEE,4,60,5.9,72,75,5.2,6.4,8,True,2.7,9,96.15
S0112,Lauren Smith,19,Female,CSE,6,82,4.9,71,36,7.67,8.4,1,True,1.6,6,100.0
S0113,Nicholas Fuller,18,Female,EEE,8,99,6.8,81,78,5.52,7.2,3,True,1.2,6,100.0
S0114,Matthew Mclean,23,Female,ECE,7,57,6.0,59,96,8.06,6.4,4,False,4.8,10,100.0
S0115,Jason Freeman,22,Male,ECE,4,90,2.1,53,46,6.24,4.8,3,False,3.3,4,81.45
S0116,Eric Lopez,22,Male,CIVIL,7,67,1.1,58,56,6.66,6.7,3,False,2.4,3,78.09
S0117,Lauren Miller,20,Female,AIML,4,64,2.8,51,83,9.34,7.6,8,False,5.4,4,100.0
S0118,Shane Choi,22,Female,MECH,7,83,4.4,41,68,8.96,7.3,3,True,3.0,3,100.0
S0119,James Huynh,23,Female,AIML,4,82,1.9,47,76,6.19,8.9,7,True,7.0,9,89.29
S0120,Justin Murphy,22,Male,ECE,2,51,1.7,56,62,6.29,7.3,1,False,5.2,4,77.39
S0121,Daniel Clark,21,Male,ECE,5,52,4.1,55,44,8.35,4.7,5,False,5.1,1,77.75
S0122,Matthew Garcia,19,Female,CSE,1,96,5.6,76,83,9.22,8.0,6,False,4.8,4,100.0
S0123,Sara Baker,21,Male,CSE,8,86,7.6,68,35,5.61,6.3,5,True,3.2,1,98.47
S0124,Kenneth Hendricks,21,Female,EEE,7,92,1.1,64,84,9.87,6.9,8,True,4.7,7,100.0
S0125,Rebecca Mitchell,19,Male,CSE,8,94,2.0,89,42,9.85,4.5,8,True,4.1,5,96.59
S0126,Douglas Davis,23,Female,CSE,2,96,5.0,51,80,9.59,7.0,5,False,5.6,10,100.0
S0127,Michael Jackson,21,Female,ECE,6,55,3.2,72,75,9.97,7.8,5,True,3.0,4,100.0
S0128,Garrett Nicholson,22,Male,AIML,4,83,6.3,80,57,7.18,8.1,8,False,4.8,9,100.0
S0129,Miranda Brown,23,Female,CSE,6,56,4.9,58,94,7.74,7.0,1,True,2.6,10,100.0
S0130,Danny Gaines,22,Male,EEE,4,58,3.7,65,82,9.24,8.6,10,True,3.7,2,94.69
S0131,Angela Trujillo,20,Male,EEE,5,64,3.8,62,80,8.59,8.8,5,True,4.0,5,100.0
S0132,Brooke Lyons,23,Female,CSE,1,62,3.5,73,86,8.35,8.6,3,False,3.2,4,100.0
S0133,Zachary Berger,23,Male,EEE,8,62,3.9,64,41,8.41,4.9,7,True,1.7,10,96.41
S0134,Lisa Mcbride,19,Female,CSE,1,94,5.4,98,47,8.01,8.1,6,False,2.6,9,100.0
S0135,Nathan Simpson,21,Female,AIML,7,91,7.3,55,83,6.18,7.9,2,False,6.8,7,100.0
S0136,John Everett,20,Female,AIML,6,99,2.1,88,67,6.08,4.5,5,True,2.6,7,94.84
S0137,David Stevens,21,Female,CIVIL,2,62,5.2,64,36,6.37,7.0,2,True,4.1,7,100.0
S0138,Joshua Walker,18,Male,EEE,5,81,2.9,85,70,5.43,8.5,3,True,3.3,6,91.95
S0139,Phillip Sanders,20,Female,CIVIL,2,98,6.8,99,39,5.35,7.2,8,False,5.1,3,83.49
S0140,Debra Sampson,22,Male,MECH,7,72,3.6,77,69,8.65,6.3,8,False,4.9,4,98.11
S0141,Jeff Yoder,21,Male,CIVIL,5,96,2.4,55,96,7.11,8.1,1,False,5.7,4,88.2
S0142,Christine Bryant,18,Male,EEE,6,69,7.5,83,99,9.21,6.6,6,False,1.6,7,100.0
S0143,Amber Williams,23,Male,CSE,4,83,1.4,75,57,6.32,5.8,5,False,7.6,9,93.94
S0144,Jodi Wolfe,19,Female,CSE,5,67,4.6,74,56,7.48,9.0,5,False,2.5,1,92.5
S0145,Cynthia Sharp,19,Male,MECH,6,84,5.7,81,64,8.61,4.7,7,False,6.7,5,100.0
S0146,Laura Cherry,18,Male,MECH,2,82,7.5,53,99,8.03,7.8,4,True,7.7,6,100.0
S0147,Kimberly Gregory,20,Male,ECE,2,57,4.3,43,59,6.16,4.4,4,False,2.9,6,76.74
S0148,Jimmy Nunez,22,Male,EEE,6,59,2.5,50,84,5.29,7.5,9,True,2.7,3,75.53
S0149,Dominique Ramirez,21,Female,CIVIL,7,95,1.7,55,50,5.31,6.5,7,False,6.7,7,70.99
S0150,Johnny Logan,22,Male,CIVIL,5,99,1.9,91,97,7.25,5.0,7,True,3.9,7,99.31
S0151,Allison Nguyen,22,Female,MECH,5,51,1.9,60,55,8.8,4.7,7,True,2.5,5,86.34
S0152,Jennifer Washington,19,Female,EEE,2,81,4.4,74,94,8.23,6.5,7,True,4.4,4,100.0
S0153,Michael Carter,19,Female,MECH,1,89,6.7,68,86,9.3,6.0,10,True,1.9,1,100.0
S0154,Jessica Cunningham,18,Female,MECH,3,59,7.5,99,55,9.13,6.5,8,True,4.2,1,100.0
S0155,Connie Ho,23,Female,ECE,4,54,6.2,40,42,5.21,4.4,1,True,6.6,3,76.06
S0156,Tanya Estes,19,Female,EEE,1,64,7.6,90,62,6.77,6.1,5,False,6.8,8,100.0
S0157,Evan Morris,19,Male,CIVIL,7,80,6.5,79,59,9.88,7.3,3,True,2.8,4,100.0
S0158,Benjamin Hill,20,Female,AIML,8,99,3.3,75,46,7.37,4.6,5,False,6.2,2,92.3
S0159,Douglas Carrillo,23,Male,MECH,3,67,2.6,64,93,7.75,5.9,2,False,2.9,4,97.76
S0160,Victoria Good,23,Male,EEE,8,81,3.2,78,46,9.59,5.3,5,False,6.9,8,100.0
S0161,George Brock,20,Male,EEE,5,60,3.2,61,56,7.7,7.6,2,True,5.8,4,89.24
S0162,Regina Miller,22,Male,CSE,2,71,4.8,100,90,8.06,4.5,7,True,1.7,9,100.0
S0163,Sharon West,23,Male,ECE,3,65,6.7,83,39,9.41,5.4,3,False,7.2,2,100.0
S0164,Andrea Evans,23,Female,AIML,2,51,3.5,52,43,7.77,4.0,10,False,1.2,1,62.1
S0165,Mary Nguyen PhD,22,Female,MECH,2,69,3.3,90,90,7.51,4.6,4,False,6.5,6,95.04
S0166,Jordan Marquez,22,Female,CSE,7,87,2.2,99,91,6.94,6.0,7,False,4.6,3,99.84
S0167,Janice Orr,23,Female,CIVIL,5,53,1.4,63,68,8.0,7.0,3,True,5.5,3,83.25
S0168,Malik Winters,18,Male,EEE,3,80,6.8,58,82,6.87,4.6,1,True,2.7,4,100.0
S0169,Brian Conner,19,Female,ECE,5,96,8.0,99,79,5.87,7.2,4,False,2.2,6,100.0
S0170,Jeffrey Fernandez,21,Male,MECH,2,92,1.2,93,85,9.7,5.3,10,True,3.6,5,93.26
S0171,Colleen Foster,21,Female,EEE,1,54,5.9,65,38,5.25,8.5,3,True,6.5,4,82.59
S0172,Michael Gonzalez,20,Male,EEE,6,80,7.5,64,70,5.07,5.4,10,False,1.3,7,99.16
S0173,Matthew Carey,20,Male,CIVIL,7,59,2.9,93,78,5.78,8.3,4,False,7.3,9,91.97
S0174,Jonathan Myers,23,Male,MECH,2,64,1.2,95,54,5.64,8.4,5,False,6.8,8,78.74
S0175,Tommy Nichols,18,Male,CIVIL,7,70,2.8,42,71,7.83,6.3,9,True,5.3,9,87.3
S0176,Theresa Valdez,19,Female,CIVIL,6,82,4.7,100,95,9.3,7.6,9,True,6.0,1,100.0
S0177,Elizabeth Walls,23,Female,ECE,2,83,4.4,60,39,9.73,8.2,2,False,4.2,3,100.0
S0178,Hector Russell,23,Male,MECH,7,84,1.4,88,98,6.7,8.4,10,True,6.3,4,95.76
S0179,Nicole Cooper,21,Male,CSE,4,71,2.1,53,61,9.73,6.8,10,True,1.2,9,97.0
S0180,Sherri Jones MD,21,Female,EEE,4,84,1.7,91,57,9.11,5.9,3,True,7.8,8,100.0
S0181,Kaitlyn Ferrell,20,Male,ECE,3,90,5.0,60,89,8.21,5.0,8,False,2.1,4,97.16
S0182,Karen Burnett,21,Female,CIVIL,6,99,2.2,77,67,7.99,4.2,8,True,6.1,5,91.77
S0183,Laura Parrish,20,Male,AIML,3,68,7.2,51,45,7.53,8.8,7,True,5.7,2,87.59
S0184,Elizabeth Livingston,21,Female,CSE,6,82,1.2,59,68,6.05,5.9,3,True,3.4,9,87.99
S0185,Mary Owens,19,Female,MECH,4,68,6.3,96,45,9.51,7.3,9,True,2.8,6,100.0
S0186,Corey Gross,23,Male,MECH,4,75,1.7,60,69,5.71,5.7,2,False,5.3,7,90.27
S0187,Felicia Johnson,20,Female,CSE,1,60,6.9,66,69,5.16,7.7,2,False,3.2,8,100.0
S0188,Frank Vasquez,20,Female,MECH,7,96,3.1,60,91,6.52,7.3,4,False,2.6,9,100.0
S0189,Kevin Grant,23,Male,EEE,1,67,5.6,45,57,5.85,5.9,6,False,7.1,8,89.08
S0190,Steven James,19,Male,AIML,4,74,4.0,53,60,9.83,4.6,9,True,7.8,3,86.06
S0191,Kenneth Snyder,22,Female,AIML,6,69,7.9,53,97,7.8,7.1,9,False,5.4,4,100.0
S0192,James Mendez,21,Male,EEE,4,58,1.1,95,86,6.51,7.0,3,True,3.1,9,96.17
S0193,Garrett Williams,22,Male,MECH,5,57,7.1,100,75,9.95,7.1,1,False,1.2,3,100.0
S0194,Richard King,18,Female,MECH,7,97,6.8,42,78,5.57,4.5,9,False,7.1,2,80.73
S0195,Christine Smith,18,Male,ECE,4,96,1.6,93,80,8.87,7.0,10,False,4.1,8,100.0
S0196,John Smith,18,Male,CIVIL,6,56,1.9,43,56,8.93,8.9,2,False,5.2,7,99.14
S0197,Michael Williams,20,Female,CIVIL,3,71,2.8,56,95,7.36,4.2,8,True,2.9,1,73.69
S0198,Jennifer White,21,Male,CSE,7,97,3.0,95,83,7.58,4.0,1,False,6.8,4,93.38
S0199,David Schultz,18,Male,MECH,8,70,4.1,81,88,9.66,6.0,5,True,5.3,8,100.0
S0200,William Simmons,22,Female,MECH,8,60,1.3,50,80,5.83,5.9,3,False,7.2,5,76.4
S0201,Christine Burton,18,Male,EEE,2,82,6.8,78,42,9.31,4.0,7,True,5.2,2,100.0
S0202,Stephanie Harris,19,Male,MECH,1,86,1.8,67,74,8.76,4.4,10,True,3.5,7,86.84
S0203,Michael Ortega,19,Male,CIVIL,3,59,3.5,50,44,7.51,4.7,9,True,2.1,3,71.35
S0204,Amy Mullins,22,Male,CIVIL,1,65,7.9,41,75,7.11,5.5,1,True,5.0,10,100.0
S0205,Elizabeth Dawson,23,Female,EEE,2,80,4.3,63,72,9.23,7.5,2,False,5.7,7,100.0
S0206,Morgan Nunez,20,Male,CIVIL,4,81,6.8,67,78,9.58,6.2,8,True,5.1,10,100.0
S0207,Jackson Yang,19,Female,ECE,3,82,4.7,73,90,5.83,7.2,5,False,6.3,4,97.1
S0208,Brittany Harris,21,Female,AIML,7,96,1.5,50,83,5.51,8.2,8,False,6.9,8,71.08
S0209,Karen Wright,20,Female,CIVIL,3,53,2.2,89,64,5.14,6.5,4,False,1.3,6,82.86
S0210,Michael Castillo,18,Male,MECH,3,64,4.4,81,71,9.78,5.6,7,False,5.2,9,100.0
S0211,Robert Brady,20,Female,CSE,8,96,2.1,56,56,7.71,4.8,1,True,4.8,6,98.97
S0212,Michelle Rubio,22,Male,MECH,7,94,2.4,88,80,8.39,5.2,7,False,3.4,8,100.0
S0213,Thomas Evans,21,Male,AIML,5,83,4.4,90,51,8.67,5.5,6,True,6.5,3,97.51
S0214,Edward Castro,21,Male,AIML,8,85,7.3,66,45,6.77,6.3,6,True,6.2,7,98.56
S0215,Daniel Trujillo,19,Female,CIVIL,3,69,4.3,97,46,9.85,8.7,10,False,1.7,4,100.0
S0216,Justin Smith,23,Male,CSE,4,82,4.9,62,49,8.03,8.6,3,False,6.1,5,100.0
S0217,Paul Davis,20,Male,CIVIL,3,100,5.2,86,38,9.03,6.4,9,False,7.0,1,88.95
S0218,Ashley Wagner,23,Female,CSE,8,54,4.6,85,95,9.63,4.1,6,True,1.2,3,100.0
S0219,Sharon Gomez,22,Male,MECH,5,70,3.5,41,75,6.39,5.1,9,False,1.1,3,75.06
S0220,Wayne Miller,23,Male,CIVIL,3,89,7.6,99,35,9.23,7.1,8,True,4.4,4,100.0
S0221,Walter Smith,19,Female,CIVIL,4,84,4.8,53,94,7.89,7.5,3,True,7.1,2,100.0
S0222,Melissa Gardner,23,Male,ECE,6,51,1.5,52,90,6.48,5.2,7,True,6.6,8,76.72
S0223,Stacy Gibson,23,Female,CSE,4,78,5.1,78,99,7.74,5.1,5,True,3.5,9,100.0
S0224,Kimberly Smith,23,Male,EEE,5,57,4.9,59,66,7.63,6.3,4,True,6.6,6,100.0
S0225,Scott Johnson,23,Female,AIML,7,72,6.0,51,65,6.42,4.7,2,True,1.4,1,89.03
S0226,Joseph Garcia,20,Female,EEE,4,73,6.9,80,40,6.23,7.7,9,True,1.9,9,100.0
S0227,James Hawkins,18,Female,ECE,1,85,7.4,90,47,7.11,5.9,8,False,5.7,1,96.84
S0228,Allison Lee,18,Female,AIML,5,59,2.0,60,55,9.38,4.9,8,False,1.9,4,95.63
S0229,Aaron Carter,23,Male,EEE,1,69,6.5,51,71,5.24,5.8,7,False,7.1,3,76.33
S0230,Timothy Meyer,23,Male,EEE,5,56,6.4,57,47,7.08,7.6,9,True,7.1,6,90.18
S0231,Katherine Estrada,18,Female,MECH,4,72,5.3,73,43,5.68,7.3,2,True,3.2,5,93.12
S0232,Charles Sexton,23,Female,CSE,6,92,3.6,96,83,5.56,6.6,5,False,1.1,5,100.0
S0233,Jordan Robinson,19,Female,CSE,6,66,1.9,49,69,7.46,6.0,1,False,5.2,8,98.19
S0234,Charles Mack,19,Male,CIVIL,1,50,3.2,67,50,8.86,6.6,10,False,1.9,5,89.17
S0235,Manuel Cole,20,Male,ECE,8,83,2.3,46,59,8.87,6.6,4,True,3.6,5,95.3
S0236,Lisa Vasquez,19,Female,MECH,7,82,5.2,95,79,6.99,5.5,3,True,2.6,2,100.0
S0237,Seth Cooper,21,Male,CSE,1,72,5.7,43,43,6.2,6.7,4,False,5.5,6,84.11
S0238,Tracy Ferguson,18,Male,EEE,6,75,6.9,98,79,6.38,8.9,8,False,7.3,1,96.54
S0239,Shawn Kaiser,23,Male,CSE,6,73,6.1,96,81,5.3,7.4,10,True,7.5,4,88.24
S0240,Christina Kelley,23,Female,CIVIL,5,76,6.3,71,95,9.75,8.8,6,False,7.5,2,100.0
S0241,Scott James,23,Male,EEE,3,80,1.3,69,40,7.23,5.0,1,True,7.9,2,75.55
S0242,Tracy Butler,23,Female,CSE,2,97,3.8,98,96,7.85,5.3,9,False,5.2,7,100.0
S0243,Michele Austin,23,Female,EEE,7,55,2.3,90,63,9.54,8.7,5,False,7.8,7,100.0
S0244,Alexandra Dorsey,21,Male,EEE,8,79,5.5,78,93,9.8,7.8,6,False,1.1,10,100.0
S0245,Christine Williams,21,Male,MECH,2,77,2.6,82,76,6.61,8.2,8,False,1.7,5,87.52
S0246,Nicholas Shaw,21,Female,MECH,6,85,3.0,95,61,9.77,6.5,9,True,4.4,3,93.02
S0247,Ryan Stein,18,Male,CIVIL,2,84,1.4,78,51,8.94,5.3,4,True,3.5,4,89.17
S0248,Michael Mora,19,Female,MECH,5,94,2.6,43,45,7.82,6.1,10,True,3.0,7,87.31
S0249,Thomas Morales,20,Female,CSE,7,63,6.5,81,49,7.72,5.0,8,True,3.1,7,100.0
S0250,Anna Thomas,19,Female,ECE,2,84,4.5,42,58,9.13,4.2,4,False,6.4,8,100.0
S0251,Erica White,18,Female,CIVIL,5,98,4.8,95,57,9.66,6.0,5,False,4.7,9,100.0
S0252,Zoe Kelly,22,Male,CSE,2,69,2.6,90,81,5.96,5.6,3,True,5.5,9,97.22
S0253,Lori Acosta,18,Female,ECE,7,79,3.3,64,61,6.36,4.6,6,False,7.9,8,89.85
S0254,Michael Escobar,18,Male,EEE,8,80,6.3,71,93,6.35,6.6,1,True,5.4,6,100.0
S0255,Jeffrey Dixon,20,Female,AIML,7,96,6.0,60,99,8.54,4.9,1,True,4.1,2,100.0
S0256,Michael Bernard,21,Male,ECE,1,72,1.9,100,91,6.37,8.0,9,True,2.5,4,93.08
S0257,Rachel Herring,21,Male,CIVIL,2,98,6.1,86,89,7.75,5.6,10,True,4.5,4,100.0
S0258,James Chavez,20,Male,AIML,5,82,7.8,100,38,7.79,6.5,6,True,4.7,8,100.0
S0259,Elijah Nichols,21,Male,CSE,8,76,4.4,79,47,9.81,7.6,3,False,2.6,10,100.0
S0260,Mary White,19,Female,EEE,1,71,5.7,76,41,6.56,8.7,2,False,7.9,3,100.0
S0261,James Lynn,20,Female,MECH,3,98,1.1,92,39,6.76,7.1,1,True,6.1,5,87.55
S0262,Cynthia Williams,22,Female,EEE,5,51,2.4,78,67,8.21,7.4,7,False,6.5,6,82.93
S0263,Gina Solis,22,Female,CSE,4,73,2.9,49,91,5.06,6.3,10,True,1.7,10,83.89
S0264,Mrs. Jennifer Butler,23,Female,ECE,7,90,2.4,88,37,6.03,6.4,2,False,4.8,6,85.35
S0265,Benjamin Velazquez,23,Male,ECE,4,88,2.2,86,54,6.49,4.5,3,False,1.6,2,90.7
S0266,Jennifer Woods,23,Female,CSE,6,51,7.1,40,60,7.25,7.1,6,True,7.2,8,100.0
S0267,Mark Stanley,23,Female,CIVIL,1,74,1.4,40,79,7.91,5.3,4,True,7.7,4,86.23
S0268,Leonard Crosby,22,Male,AIML,3,59,1.1,93,84,5.46,7.7,9,False,7.0,4,80.41
S0269,Kenneth Marshall,21,Male,AIML,1,75,8.0,67,51,7.73,7.4,2,False,2.4,7,100.0
S0270,Nicole Gaines,23,Female,CSE,2,95,2.9,87,68,5.31,6.3,3,False,5.2,2,84.17
S0271,Sandra Madden,20,Female,CSE,1,87,3.7,75,93,6.42,7.9,3,False,4.6,7,100.0
S0272,Christopher Johnson,20,Male,CSE,5,58,2.4,82,73,6.34,5.8,6,True,5.7,8,98.35
S0273,Jennifer Conley,19,Male,MECH,4,92,5.5,77,74,7.21,7.2,5,True,1.4,2,100.0
S0274,Andrew Juarez,19,Male,AIML,6,71,4.5,100,88,5.14,5.1,1,True,6.0,6,100.0
S0275,Sarah Frye,18,Female,EEE,4,87,1.8,68,39,8.93,8.7,2,True,6.0,4,100.0
S0276,Anthony Simpson,23,Female,MECH,4,76,4.6,62,59,6.78,5.8,4,False,6.5,7,96.09
S0277,Ashlee Becker,18,Female,MECH,2,95,3.5,81,92,9.71,8.4,5,True,3.7,3,100.0
S0278,Jerry Colon,22,Male,MECH,2,72,6.9,62,64,7.2,7.1,5,True,2.3,4,100.0
S0279,Emily Tucker,19,Male,CSE,4,86,6.1,57,56,7.71,5.7,10,True,2.7,10,100.0
S0280,Colleen Hanson,18,Female,AIML,3,60,2.7,94,81,6.96,5.2,8,False,7.9,9,100.0
S0281,Paul Sutton,19,Male,MECH,5,52,5.9,86,99,6.02,5.6,6,True,5.4,1,97.07
S0282,Angel Mays,20,Male,ECE,7,75,7.3,46,92,7.54,6.1,1,False,6.5,9,100.0
S0283,Robert Rivera,21,Male,CIVIL,1,78,5.4,71,60,6.27,4.0,9,False,6.3,9,94.07
S0284,Austin Turner,19,Male,CSE,8,56,4.2,58,53,9.27,8.4,3,True,1.5,9,100.0
S0285,Danielle Bush,21,Female,MECH,3,57,7.1,51,91,8.72,8.2,4,True,7.9,2,100.0
S0286,Crystal Griffith,20,Female,ECE,8,91,3.2,58,37,6.75,5.9,7,False,3.6,4,77.16
S0287,Lindsey Oconnor,19,Male,MECH,6,76,3.7,41,96,9.21,5.9,2,True,1.7,9,100.0
S0288,Laura Young,18,Female,ECE,5,88,5.7,91,98,8.57,5.9,9,True,7.2,10,100.0
S0289,Olivia Howard,23,Female,EEE,2,75,7.2,76,96,5.78,6.4,6,False,2.4,9,100.0
S0290,David Taylor,23,Female,AIML,7,93,6.2,55,36,5.67,6.2,7,False,7.7,1,74.47
S0291,Matthew Chavez,23,Female,EEE,2,52,7.6,69,95,6.62,5.3,5,False,2.9,4,100.0
S0292,Margaret Watkins,22,Female,CIVIL,2,86,6.2,72,62,6.09,6.3,6,False,3.9,3,97.68
S0293,Joel Miller,23,Male,CIVIL,8,97,3.3,95,93,7.57,7.7,7,False,5.7,2,97.66
S0294,Andrea Rodriguez,22,Male,AIML,3,76,8.0,82,95,8.74,8.0,10,True,8.0,3,100.0
S0295,Christie Le,20,Female,ECE,3,60,3.5,90,88,7.83,5.6,5,True,1.1,8,100.0
S0296,Michael Young,21,Female,ECE,7,65,3.9,100,44,6.95,4.3,3,True,5.7,9,100.0
S0297,Annette Haynes,21,Female,AIML,6,73,3.7,73,89,8.09,7.2,5,True,4.1,2,100.0
S0298,Carolyn Gibson,18,Male,AIML,1,60,7.6,100,52,6.81,8.3,8,True,7.5,5,100.0
S0299,Mario Chandler,23,Female,EEE,2,59,4.9,40,98,9.05,6.1,8,False,1.3,2,100.0
S0300,Brian Smith,19,Female,MECH,5,97,1.2,98,77,7.27,6.3,4,False,7.4,8,100.0
S0301,Cynthia Rodgers,23,Female,ECE,7,51,5.0,77,70,5.39,7.7,8,True,1.4,8,94.49
S0302,Alexander Pratt,20,Female,MECH,2,65,7.0,86,90,5.98,7.7,8,False,6.6,3,100.0
S0303,Gary Clarke,19,Female,MECH,3,66,5.4,94,91,7.33,8.2,4,False,1.5,7,100.0
S0304,John Johnson,22,Female,ECE,5,95,3.7,89,92,6.15,6.3,6,False,1.7,4,94.16
S0305,Daniel Holland,22,Male,EEE,5,89,1.8,83,90,5.78,5.0,8,True,2.6,10,90.9
S0306,Daniel Marsh,20,Female,CIVIL,8,75,6.7,70,98,5.38,8.9,8,True,1.7,7,100.0
S0307,David Sullivan,22,Male,CSE,3,54,4.3,49,74,6.52,5.6,7,True,4.1,10,88.5
S0308,Matthew Hansen,19,Male,MECH,2,61,6.4,54,49,5.22,4.6,1,False,7.2,4,76.42
S0309,Brittany Rodriguez,23,Female,MECH,5,62,6.2,51,78,8.44,7.3,9,True,6.6,7,100.0
S0310,Emily Velasquez,22,Female,ECE,6,66,6.7,45,94,7.45,7.2,4,False,4.9,9,100.0
S0311,Michael Fuller,23,Female,ECE,2,87,7.0,92,62,7.45,6.0,6,False,7.5,8,100.0
S0312,Mary Barber,23,Male,CSE,4,52,7.3,51,83,8.65,6.9,5,False,7.9,9,100.0
S0313,Keith Hicks,22,Male,CSE,8,88,5.1,43,47,8.12,7.0,1,False,3.6,1,95.79
S0314,Shirley Dean,22,Female,CSE,6,99,7.6,62,80,8.05,8.6,7,True,4.3,9,100.0
S0315,Lisa Smith,20,Female,AIML,4,67,4.6,69,47,8.85,6.0,2,True,5.7,5,100.0
S0316,Jesus Cardenas,20,Female,AIML,8,59,6.4,92,86,6.39,8.3,9,False,8.0,3,95.1
S0317,Paula Martin,18,Male,CSE,5,64,4.3,84,91,5.95,8.6,1,True,6.6,3,96.95
S0318,Kelly Wright,18,Male,ECE,3,70,5.0,62,90,6.94,4.3,5,True,6.8,6,100.0
S0319,Robert Burns,22,Male,EEE,4,60,3.0,60,97,5.21,7.2,1,False,5.7,6,96.23
S0320,Shannon Carpenter,19,Female,ECE,6,71,2.9,82,70,9.82,4.1,1,True,3.4,3,100.0
S0321,Robert Martinez,21,Male,AIML,7,89,3.2,67,35,5.44,9.0,1,True,7.9,8,94.7
S0322,Thomas Carroll,19,Male,CSE,4,65,6.0,70,48,7.24,8.6,3,False,1.0,6,100.0
S0323,Rachael Martinez,19,Male,CSE,4,89,5.0,42,58,9.09,7.8,1,True,4.2,9,100.0
S0324,Julie Allen,22,Male,EEE,1,61,7.4,62,82,8.46,5.4,9,False,2.3,10,100.0
S0325,Chloe Riley,23,Male,ECE,8,71,2.2,100,72,8.41,8.7,4,True,4.0,5,95.83
S0326,Andrew Burns,19,Female,AIML,4,93,6.1,43,52,5.53,8.4,8,True,5.9,8,99.64
S0327,Michael Hall,21,Male,CIVIL,3,98,1.6,50,95,8.9,4.5,5,True,3.5,6,100.0
S0328,Garrett Jones,22,Female,CSE,7,77,2.6,78,97,7.81,5.2,10,False,2.8,10,100.0
S0329,Nicholas Nichols,18,Female,CIVIL,3,80,1.4,51,35,7.29,5.1,1,True,2.0,10,98.24
S0330,Kirsten Morton,20,Female,CIVIL,7,94,6.6,86,51,6.64,5.0,1,False,4.3,6,100.0
S0331,Timothy Lopez,18,Female,CSE,7,57,6.7,93,61,8.91,5.4,8,True,1.1,5,100.0
S0332,Alexandra Abbott,21,Male,ECE,7,54,3.2,45,93,8.28,8.9,1,True,6.0,7,100.0
S0333,Kelly Pham,20,Female,AIML,3,92,1.3,74,69,6.77,6.8,10,False,1.3,8,79.43
S0334,Carlos Stanley,22,Female,EEE,8,81,6.3,45,92,7.69,5.4,4,False,2.1,4,100.0
S0335,Jerry Mcdonald,19,Male,AIML,8,94,6.0,42,42,7.51,7.7,9,True,2.5,8,99.61
S0336,Kimberly Camacho,22,Female,CIVIL,8,84,1.6,77,52,5.22,7.9,7,False,4.1,7,75.47
S0337,Mrs. Lynn Rogers,20,Male,ECE,2,95,1.8,68,57,7.5,6.2,8,False,4.6,5,83.89
S0338,Michael Kelly,23,Male,CIVIL,1,60,6.0,71,38,6.62,5.2,3,True,7.0,8,100.0
S0339,Andrew Mitchell,18,Male,CSE,3,69,3.7,94,45,7.27,7.9,9,False,2.3,1,74.12
S0340,Brandy Williams,23,Female,AIML,6,96,3.9,91,64,8.88,4.7,8,False,4.1,10,100.0
S0341,Yvonne Hernandez,19,Female,AIML,2,79,1.7,80,59,8.31,7.0,2,False,2.6,5,97.43
S0342,Dawn Martin,18,Female,ECE,7,67,1.4,50,50,7.87,6.0,5,True,5.1,6,79.21
S0343,Thomas Atkins,23,Male,EEE,4,96,1.3,51,94,6.99,8.9,2,False,2.9,8,100.0
S0344,Dylan Archer,21,Female,MECH,7,62,6.8,56,97,6.12,5.1,5,False,7.5,4,100.0
S0345,Jonathan Smith,21,Male,MECH,2,61,3.0,62,50,6.66,7.3,4,False,6.3,3,89.23
S0346,Sarah Carr,19,Male,CIVIL,4,70,6.6,66,89,5.77,4.7,6,True,3.5,6,100.0
S0347,Sarah Jones,18,Female,AIML,8,79,3.7,62,68,5.97,7.2,4,False,3.4,4,92.87
S0348,Jeffrey Hamilton,22,Female,AIML,2,53,1.7,44,54,8.28,6.7,6,False,1.2,2,77.21
S0349,Gabrielle Garcia,19,Female,AIML,8,80,7.9,58,65,8.3,6.9,3,True,4.3,2,100.0
S0350,Robert West,19,Female,AIML,1,65,5.5,78,65,8.45,8.1,7,True,6.5,10,100.0
S0351,Mark Clarke,21,Male,CSE,3,60,7.9,40,81,6.05,7.8,2,False,7.1,3,100.0
S0352,Cynthia Lee,21,Female,AIML,5,98,7.6,88,50,5.03,4.0,4,False,2.0,10,100.0
S0353,David Wright,18,Female,CSE,1,90,5.6,86,71,8.25,5.1,9,False,5.9,9,100.0
S0354,Jesse Hayden,23,Male,CSE,7,59,1.6,73,82,5.14,7.2,1,True,4.8,8,98.28
S0355,Sharon Duncan,19,Female,CIVIL,8,63,3.8,54,46,7.96,4.8,7,False,3.5,5,77.7
S0356,Susan Brooks,22,Female,EEE,2,55,6.0,75,56,7.63,7.5,4,False,6.5,1,100.0
S0357,Jeffrey Jones,23,Male,CIVIL,8,87,3.1,71,50,6.09,7.3,8,True,5.2,6,86.5
S0358,Christopher Davies,22,Male,ECE,1,64,1.7,80,88,9.59,7.2,4,True,6.1,1,98.11
S0359,Mark Lopez,19,Male,MECH,4,77,2.8,93,96,7.7,8.3,4,True,7.3,6,100.0
S0360,Julie Williams,19,Female,ECE,4,76,2.7,94,35,6.57,4.5,7,True,7.8,6,88.02
S0361,Robert Stokes,22,Male,EEE,4,95,4.2,97,87,6.53,6.0,4,False,5.1,3,100.0
S0362,David Mitchell,23,Female,EEE,7,69,5.9,48,73,9.36,6.5,6,True,5.3,9,100.0
S0363,Laurie Brown,23,Male,CSE,2,94,6.9,58,76,7.62,5.4,7,True,2.9,9,100.0
S0364,Mathew Castillo,20,Female,ECE,4,76,7.5,73,77,6.36,6.0,4,False,5.6,1,96.68
S0365,Tony Taylor,18,Male,CIVIL,6,96,3.6,50,95,9.98,7.5,6,False,3.4,3,100.0
S0366,Christopher Russell,19,Female,ECE,7,53,3.8,88,41,7.27,6.1,6,True,2.8,7,93.0
S0367,Joseph Mcintosh,18,Male,CIVIL,2,75,6.7,68,70,5.83,4.3,1,True,4.2,4,98.0
S0368,Cody Duncan,18,Female,CSE,1,96,5.3,93,72,7.28,6.1,7,False,1.9,1,99.23
S0369,Raymond Roberts,23,Female,AIML,5,56,4.7,89,86,6.49,4.8,2,False,6.1,6,100.0
S0370,Zachary Long,20,Male,EEE,5,84,1.8,63,70,7.7,4.4,9,False,2.2,3,76.41
S0371,Cory Rivera,22,Male,CSE,2,66,4.7,85,82,7.93,8.1,6,True,6.5,4,100.0
S0372,Erin Owens,23,Male,CSE,1,72,3.3,45,78,5.2,6.0,5,False,5.1,5,83.84
S0373,Pamela Vazquez,22,Female,CIVIL,2,59,6.7,93,61,6.71,8.4,7,True,3.0,5,100.0
S0374,Richard Smith,21,Male,CSE,5,52,2.3,57,72,6.08,6.2,10,True,6.8,2,59.6
S0375,Allison Perry,18,Male,CSE,5,73,4.9,83,40,7.33,6.2,5,True,2.7,7,95.19
S0376,Robert Myers MD,20,Female,EEE,5,71,1.4,62,76,6.42,8.2,7,False,1.6,3,79.74
S0377,Alison Cabrera,20,Male,MECH,3,64,5.2,51,72,7.56,6.4,8,False,6.9,4,89.31
S0378,Anita Rogers,19,Male,CIVIL,8,97,2.4,53,49,8.89,8.1,6,False,4.7,1,86.07
S0379,Troy Butler,19,Female,MECH,3,98,1.5,51,94,5.62,6.6,9,False,3.5,6,81.43
S0380,Ivan Cooper,21,Female,AIML,4,63,3.0,98,94,5.85,4.3,8,True,6.4,9,96.0
S0381,Daniel Hansen,22,Female,EEE,7,95,7.9,87,60,8.0,7.6,7,False,4.4,5,100.0
S0382,Taylor Jones,22,Female,AIML,1,62,3.0,96,89,8.91,9.0,5,False,7.1,6,100.0
S0383,David Ayala,22,Female,AIML,5,100,6.2,61,57,5.08,5.0,7,False,3.9,1,84.52
S0384,Robert Sutton,21,Male,CIVIL,8,75,7.2,74,74,7.74,6.0,7,False,8.0,3,100.0
S0385,Jared White,23,Male,ECE,2,93,6.1,61,60,9.54,9.0,1,False,3.5,7,100.0
S0386,Tiffany Humphrey,20,Female,CSE,8,72,2.7,60,91,5.99,5.6,2,False,6.2,8,93.52
S0387,Brian Smith,22,Female,AIML,4,69,5.9,66,43,8.72,6.1,5,False,4.6,1,94.44
S0388,Stephen Snyder,20,Male,MECH,3,90,2.3,97,75,7.48,5.4,6,False,1.2,2,90.16
S0389,Brent Johnson,19,Male,ECE,7,82,1.6,57,98,7.75,6.0,3,False,5.5,9,100.0
S0390,Mr. Michael Coffey,22,Male,CIVIL,5,68,5.3,93,35,6.64,4.8,8,True,3.7,9,99.11
S0391,Tracy Perez,21,Male,AIML,5,55,5.3,87,73,8.62,7.9,9,False,5.1,8,100.0
S0392,Emily Mckinney MD,19,Male,MECH,4,58,3.1,56,50,6.66,6.8,5,True,5.6,2,72.76
S0393,Francis Sanders,22,Female,EEE,8,91,6.2,100,42,8.19,5.6,9,False,2.8,3,100.0
S0394,John Carter,20,Male,AIML,7,58,6.3,41,90,9.66,7.1,7,True,7.5,10,100.0
S0395,Heather Lawrence,21,Female,MECH,3,99,3.3,94,36,9.83,6.1,10,True,4.5,10,100.0
S0396,Joseph Duran,20,Male,CIVIL,1,71,3.8,58,96,8.92,8.5,4,True,6.3,7,100.0
S0397,Cheryl Richards,19,Male,MECH,5,68,7.7,46,64,6.7,4.3,6,False,6.7,2,96.54
S0398,Douglas Jones,18,Female,ECE,2,56,7.0,73,70,5.73,7.5,7,False,5.8,9,100.0
S0399,Ronald Mason,20,Female,CIVIL,3,100,3.1,67,37,5.89,4.0,3,False,1.6,6,93.57
S0400,Chad Butler,22,Female,ECE,1,56,1.9,40,63,8.71,7.4,4,True,7.1,6,92.4
S0401,Phillip Miller,18,Male,MECH,8,76,2.5,46,78,5.97,8.1,10,True,5.5,4,64.08
S0402,Melissa Huang,19,Female,CIVIL,6,81,7.5,86,96,7.01,6.3,1,False,6.1,7,100.0
S0403,Mr. Thomas Keller,19,Female,EEE,6,99,1.3,45,61,8.4,7.2,8,True,2.7,9,93.22
S0404,William Flores,22,Female,AIML,8,78,4.6,93,65,5.61,6.1,8,True,2.7,1,83.93
S0405,Mr. Luis Freeman,23,Female,AIML,7,79,3.9,60,95,8.93,5.0,2,False,5.7,1,100.0
S0406,Natalie Mann,19,Male,ECE,4,74,4.0,59,98,6.73,4.3,8,True,3.9,9,100.0
S0407,Ariel Robertson,22,Female,ECE,3,71,6.9,61,68,5.84,4.6,1,False,6.1,1,89.2
S0408,Mary Ramirez,18,Male,CSE,6,81,6.0,81,89,5.18,9.0,2,True,6.3,8,100.0
S0409,Nicole Brown,19,Female,CIVIL,6,62,6.2,82,73,9.08,8.4,2,True,5.7,10,100.0
S0410,Julie Thomas,20,Female,ECE,6,50,7.2,88,86,9.31,5.3,10,False,7.0,10,100.0
S0411,Mark Williams,23,Male,CIVIL,3,69,6.8,77,99,9.76,4.7,7,True,4.0,9,100.0
S0412,Lindsay Sullivan,23,Male,AIML,7,69,6.7,90,75,7.69,8.2,2,True,8.0,6,100.0
S0413,William Russell,22,Male,ECE,1,95,7.4,42,90,6.42,5.6,2,True,6.3,1,100.0
S0414,Steven Myers,18,Male,EEE,5,76,6.2,55,95,7.41,5.1,1,False,7.5,1,100.0
S0415,Shannon Romero,21,Female,CIVIL,8,56,4.5,73,80,9.76,7.8,7,False,5.8,10,100.0
S0416,Jennifer Walker,21,Male,CSE,1,90,5.5,93,92,5.44,5.9,1,True,7.7,7,100.0
S0417,Thomas Carroll,22,Female,ECE,7,64,5.9,94,98,5.58,7.5,2,True,6.8,7,100.0
S0418,Nicholas Smith II,18,Male,MECH,6,52,2.3,73,75,7.66,7.7,10,False,5.9,7,98.78
S0419,Shelly Osborn,18,Female,CIVIL,3,81,7.5,49,64,9.07,5.9,1,True,2.4,10,100.0
S0420,Jasmine Rowe,21,Female,CSE,1,77,2.4,85,93,9.0,4.9,4,False,7.2,9,100.0
S0421,Phillip Gray,23,Female,AIML,4,60,1.4,76,82,6.2,5.9,8,False,2.4,1,70.68
S0422,Martin Scott,22,Male,CSE,2,66,1.8,89,74,8.57,5.2,2,True,3.0,10,100.0
S0423,Brandon Boyer,18,Male,ECE,7,97,3.1,84,51,6.86,7.8,4,False,4.5,8,100.0
S0424,Kristina Hunt,19,Male,CSE,3,77,2.6,58,86,7.44,7.5,1,False,6.8,3,96.27
S0425,Heather Clark,22,Female,CIVIL,1,66,3.1,51,83,6.56,7.6,1,True,6.8,8,100.0
S0426,Patrick Smith,18,Female,ECE,2,98,1.1,93,50,7.25,7.7,6,False,4.4,7,96.46
S0427,Christopher Beard,23,Male,EEE,2,75,5.2,72,60,5.13,5.9,3,False,4.7,10,100.0
S0428,Deanna Burton,22,Male,AIML,6,93,4.7,53,60,7.55,6.1,8,False,1.2,7,100.0
S0429,Melissa Dennis,23,Male,EEE,6,97,4.9,59,54,8.64,7.0,8,False,7.0,3,100.0
S0430,Scott Taylor,20,Male,ECE,5,67,3.3,98,85,5.96,6.8,3,False,2.4,5,92.73
S0431,Patricia Nichols,20,Female,CSE,8,60,2.9,42,57,8.95,4.6,3,True,3.0,10,100.0
S0432,Diana Miranda,19,Male,AIML,3,84,3.1,94,48,8.48,5.0,7,False,4.7,10,100.0
S0433,Mary Mitchell,18,Female,CSE,6,80,4.7,51,38,5.87,7.5,5,False,7.3,2,78.58
S0434,Natalie Stevens,21,Female,MECH,4,57,3.3,50,97,5.12,5.2,2,False,3.0,5,87.37
S0435,Patrick Mueller,18,Male,CSE,6,97,2.3,68,48,9.28,7.7,6,True,2.0,7,100.0
S0436,Eric Lee,20,Female,MECH,8,87,1.3,83,78,9.26,4.2,6,True,5.4,6,100.0
S0437,William Ramsey,21,Female,CSE,2,55,5.3,78,67,7.15,4.4,9,False,6.9,10,100.0
S0438,Linda Aguilar,19,Male,AIML,5,74,1.8,73,91,5.26,8.2,7,False,7.6,2,66.63
S0439,James Buck,18,Female,CSE,3,83,5.3,90,52,6.66,5.6,5,False,3.8,1,93.83
S0440,Gabriela Olsen,18,Female,CSE,1,67,4.2,58,92,8.79,5.4,1,False,7.5,5,100.0
S0441,Anthony Hayes,21,Female,CSE,5,97,5.3,69,88,6.25,5.7,10,False,4.9,10,100.0
S0442,Shelly Mason,22,Male,MECH,3,86,5.2,41,41,9.66,6.9,7,False,6.2,9,100.0
S0443,Cody Torres,22,Female,AIML,4,59,6.0,80,87,6.58,8.2,8,True,5.7,3,92.29
S0444,Tony French,20,Female,CIVIL,5,60,5.9,100,71,9.98,6.3,1,True,6.9,7,100.0
S0445,Dr. Craig Harris,23,Female,CIVIL,4,53,6.9,70,87,6.59,4.0,10,True,3.1,1,88.95
S0446,Marcia Taylor,18,Female,MECH,8,84,1.9,85,92,6.82,8.7,4,True,3.3,8,100.0
S0447,Erin Lucas,20,Male,MECH,5,100,2.4,96,49,8.69,4.3,3,False,3.0,6,100.0
S0448,Heather Owens,22,Female,CSE,1,67,6.2,96,38,7.45,4.7,2,True,3.0,4,100.0
S0449,Casey Mcdonald,18,Female,CSE,1,88,5.6,56,69,7.89,7.4,10,True,3.4,7,100.0
S0450,Clifford Francis,18,Male,MECH,7,73,1.9,70,65,8.75,5.6,2,True,7.4,10,100.0
S0451,Sonya Warren,22,Female,EEE,7,76,4.2,69,64,9.83,7.5,6,False,7.0,7,100.0
S0452,Keith Torres,22,Male,ECE,6,93,2.4,62,87,5.31,8.1,5,True,3.0,2,80.49
S0453,Amy Faulkner,22,Female,CSE,2,94,2.3,75,86,9.87,5.0,9,False,1.5,2,88.7
S0454,Sarah Davis,18,Male,AIML,5,87,3.5,90,55,5.48,7.6,7,False,2.3,5,85.37
S0455,Joshua Neal,18,Female,CSE,4,80,3.9,79,72,7.29,5.5,2,True,1.8,8,100.0
S0456,Zachary Stokes,23,Female,AIML,4,59,4.6,96,35,8.93,6.4,8,False,4.6,4,100.0
S0457,Julia Campos,20,Male,MECH,6,54,2.0,57,81,6.41,5.4,1,True,5.1,10,92.05
S0458,Leah Robinson,22,Male,AIML,7,94,2.8,91,78,5.43,5.5,7,False,7.6,3,83.1
S0459,Vicki Brown,18,Male,CSE,5,58,1.0,41,53,9.74,4.5,10,False,7.6,9,92.28
S0460,Christina Martinez,22,Male,EEE,3,56,4.7,75,74,5.85,8.9,5,False,4.5,8,97.21
S0461,Brandi Murray,20,Female,ECE,3,73,5.9,57,76,9.95,7.1,1,False,6.4,3,100.0
S0462,Robin Davis,20,Male,AIML,5,94,6.7,40,83,8.75,5.2,7,False,4.6,2,100.0
S0463,Donald Salinas,21,Female,AIML,4,67,7.1,93,68,6.86,4.5,6,True,3.8,9,100.0
S0464,Lindsey Fletcher,18,Male,AIML,7,61,2.1,53,56,6.33,4.6,6,True,1.3,8,79.57
S0465,Jordan Newton,18,Male,ECE,4,61,7.6,83,84,5.03,7.8,7,False,6.5,10,100.0
S0466,Natalie Foster,20,Female,CIVIL,2,88,5.7,45,79,8.7,5.1,6,False,3.9,3,100.0
S0467,Ryan Carpenter,22,Female,CSE,1,100,1.5,51,82,6.1,5.3,2,False,1.6,8,90.81
S0468,Linda Davis,23,Male,EEE,1,76,4.6,60,58,9.33,8.4,3,True,4.1,5,100.0
S0469,Vanessa Mata,20,Female,CIVIL,7,89,1.6,85,47,6.8,7.4,8,True,1.4,9,88.28
S0470,Sarah Patterson,18,Male,MECH,4,92,6.7,74,94,7.23,7.6,4,True,7.9,9,100.0
S0471,Ryan Williams,19,Female,EEE,2,62,7.4,72,91,8.76,6.8,3,True,2.8,10,100.0
S0472,Charles Williams,18,Male,ECE,6,52,1.4,50,75,5.62,7.3,2,False,4.1,7,82.25
S0473,Jamie Cochran,23,Female,MECH,7,72,1.7,45,72,9.04,7.8,9,True,5.5,8,100.0
S0474,Jenna Olson,18,Female,CIVIL,6,67,5.5,92,71,7.18,5.5,10,True,1.9,2,97.91
S0475,Jasmine Henry,19,Male,ECE,2,84,4.4,41,47,7.34,4.5,7,False,7.1,4,78.72
S0476,Joan York,20,Male,MECH,6,56,1.9,92,93,6.93,8.7,2,True,6.8,10,100.0
S0477,Tara Sanders,18,Male,ECE,3,100,4.1,42,98,8.01,7.3,6,False,1.5,1,99.98
S0478,Eileen Lopez,22,Male,CSE,2,80,2.8,40,59,8.76,6.9,3,False,6.8,10,100.0
S0479,Michele Mckenzie,22,Male,CSE,6,87,7.5,49,70,7.63,4.3,6,False,3.5,10,100.0
S0480,Juan Cole,20,Male,CSE,6,93,1.4,44,49,8.28,4.2,5,True,7.1,8,90.51
S0481,Natalie Meza,18,Male,AIML,7,76,6.7,97,96,7.11,8.2,8,False,4.1,7,100.0
S0482,John Hoffman,22,Female,CIVIL,4,79,6.3,68,70,5.94,4.9,6,True,5.1,8,100.0
S0483,Catherine Oliver,20,Female,CIVIL,2,97,5.0,53,63,8.68,7.1,8,True,5.8,10,100.0
S0484,Kirsten Herrera,22,Female,CIVIL,5,74,6.3,66,35,5.39,6.6,9,False,3.3,6,79.8
S0485,Alexandra Valdez,22,Female,MECH,6,51,1.5,57,36,5.28,7.7,7,False,3.0,1,54.57
S0486,Carmen Humphrey,20,Female,EEE,4,90,2.2,85,89,5.88,5.2,10,True,2.5,10,92.72
S0487,Steve Jones,20,Male,CSE,3,65,2.5,98,88,9.48,6.9,2,True,6.8,10,100.0
S0488,Amanda Johnson,18,Male,CSE,1,67,7.9,80,84,7.82,5.3,3,False,2.9,10,100.0
S0489,Kayla Gonzalez,19,Male,AIML,5,56,2.6,59,70,5.95,6.6,8,True,3.1,6,82.25
S0490,Brianna Turner,19,Female,CSE,5,100,1.9,82,87,7.72,4.4,4,True,2.2,9,100.0
S0491,Margaret Smith,23,Female,ECE,1,85,5.8,78,81,6.33,4.2,5,True,7.2,3,100.0
S0492,Jo Davis,21,Male,CIVIL,7,84,2.6,97,85,8.99,4.5,3,True,7.4,4,100.0
S0493,Mr. Michael Gutierrez MD,18,Male,MECH,2,61,3.2,56,66,9.7,4.9,10,True,5.4,4,88.43
S0494,Eric Johnson,20,Female,ECE,3,63,3.4,45,76,5.14,5.9,2,False,2.0,7,86.48
S0495,William Mercado,23,Male,EEE,4,99,5.2,77,79,7.9,8.6,4,False,1.0,9,100.0
S0496,Heather Bates,23,Female,EEE,5,86,1.6,73,39,5.68,8.9,9,False,2.1,3,64.45
S0497,Nancy Fox,22,Female,AIML,4,52,2.4,100,64,5.46,6.0,3,False,4.6,3,78.67
S0498,Charles Braun,22,Female,CIVIL,6,80,5.1,41,92,5.32,7.1,8,True,3.5,2,85.69
S0499,Daryl Hays,19,Female,CSE,5,52,8.0,65,91,9.08,6.2,10,True,7.2,1,99.87
S0500,Linda Carter,19,Male,AIML,3,85,1.7,85,78,9.37,5.2,2,True,6.2,8,100.0
S0501,Autumn Turner,19,Female,MECH,7,69,6.0,58,39,6.72,4.1,3,True,7.6,10,100.0
S0502,Michael Hunt,22,Male,CSE,5,90,2.0,76,50,9.07,6.9,8,True,4.1,5,80.42
S0503,Andrew Reed,23,Female,AIML,6,71,6.2,67,67,7.71,4.3,2,False,1.4,10,100.0
S0504,Michael Wood,23,Female,CIVIL,6,95,7.3,81,52,7.93,6.5,10,True,4.2,10,100.0
S0505,Christopher Watson,20,Male,EEE,2,55,4.4,51,48,7.71,4.6,7,False,1.7,5,93.94
S0506,Monica Leon,18,Male,ECE,2,74,7.5,90,92,7.09,6.6,10,False,7.0,7,100.0
S0507,Joshua Warren,22,Male,ECE,6,88,3.1,51,39,9.82,5.4,4,True,7.8,2,91.23
S0508,Paul Lamb,18,Female,ECE,2,85,8.0,97,80,9.23,7.2,10,True,1.1,10,100.0
S0509,Joel Brown,23,Male,MECH,1,73,1.0,77,65,9.13,4.7,3,False,6.5,9,100.0
S0510,Ms. Kelly Chan,21,Female,CIVIL,6,50,3.8,81,78,7.42,8.5,8,False,7.6,7,97.92
S0511,Alexandra Rogers,22,Male,CSE,5,72,7.0,48,45,5.91,6.8,2,False,7.8,7,100.0
S0512,Nancy Dean,18,Male,ECE,1,94,7.3,59,95,5.36,7.4,2,True,6.4,6,100.0
S0513,John Hawkins,18,Male,CIVIL,3,50,2.2,52,53,8.07,4.8,3,True,4.6,5,76.84
S0514,Alison Ferguson,18,Female,CIVIL,8,69,4.5,63,67,5.66,6.7,2,False,3.9,10,100.0
S0515,Jessica Bell,19,Male,CSE,7,97,7.1,48,84,8.12,5.8,2,True,2.6,5,100.0
S0516,Stacey Gomez,18,Male,MECH,1,53,5.2,99,89,7.14,4.8,2,True,6.3,1,96.91
S0517,Michelle Camacho,19,Male,AIML,8,72,4.6,56,92,7.68,6.0,3,True,4.5,2,100.0
S0518,Tiffany Taylor,22,Male,CIVIL,7,66,7.4,45,68,6.67,4.5,10,False,7.6,10,100.0
S0519,Anna Adams,23,Female,ECE,4,98,1.2,55,50,7.76,5.8,1,True,7.8,4,82.37
S0520,Luke Miller,22,Female,MECH,2,74,2.4,67,87,5.11,6.1,6,True,3.4,1,70.3
S0521,Eric Pennington,21,Female,CSE,8,96,1.4,65,48,8.42,4.9,10,True,3.2,10,92.74
S0522,John Brandt,21,Female,CSE,6,73,7.6,93,59,6.61,4.2,2,True,5.9,3,99.51
S0523,Christine Carter,22,Male,MECH,2,68,2.4,67,97,9.19,8.3,7,False,6.1,3,95.3
S0524,Ariana Reid,20,Female,CSE,3,92,1.5,41,49,8.19,7.5,6,True,6.9,3,74.51
S0525,Cynthia Wilson,20,Male,CIVIL,8,57,7.1,76,52,5.84,6.6,6,False,5.4,3,93.93
S0526,Robert Sanford,22,Male,EEE,4,77,5.8,64,55,8.73,9.0,6,True,2.1,2,98.46
S0527,Rebecca Martin,23,Female,ECE,4,63,4.2,96,69,5.28,4.7,1,False,5.4,1,87.43
S0528,Maria Rice,23,Female,ECE,8,85,5.0,41,36,8.62,6.5,7,False,7.8,1,90.34
S0529,Donald Miller,21,Female,EEE,7,55,2.8,63,58,6.0,9.0,6,False,2.0,2,72.73
S0530,Sarah Romero,19,Female,MECH,5,72,7.3,50,69,8.84,8.6,2,False,3.8,8,100.0
S0531,Travis Gray,21,Male,CIVIL,7,57,2.7,75,39,5.52,5.3,8,True,5.0,10,81.39
S0532,John Murphy,20,Female,CSE,2,77,1.3,92,38,5.35,5.8,9,True,4.5,5,66.17
S0533,Michael Harper,20,Female,AIML,8,69,2.1,99,45,7.1,6.0,7,True,2.5,2,88.42
S0534,Denise Dennis,20,Male,EEE,5,94,6.6,91,59,7.32,4.9,8,False,3.8,3,100.0
S0535,Courtney Maldonado,20,Female,CSE,1,96,7.9,87,44,7.36,6.6,5,True,4.2,2,100.0
S0536,Dylan Garcia,22,Male,ECE,1,96,1.5,72,89,8.88,7.1,1,True,6.9,8,100.0
S0537,James Wagner,23,Male,CIVIL,8,92,3.7,79,66,9.34,6.2,9,False,4.2,8,100.0
S0538,Tim Edwards,22,Male,EEE,8,83,3.2,50,82,7.21,6.4,1,False,3.7,6,100.0
S0539,Stephanie Acevedo,22,Female,MECH,5,83,4.7,83,51,9.44,6.4,6,False,3.2,1,100.0
S0540,Frank Anthony,20,Male,EEE,2,59,5.8,90,47,7.73,5.8,8,False,5.7,9,100.0
S0541,Jay Williams,21,Male,CIVIL,4,74,2.7,64,45,6.93,5.3,5,False,1.7,8,88.12
S0542,Caitlin Kennedy,21,Male,ECE,7,84,5.5,70,86,5.37,5.4,8,True,2.9,7,95.25
S0543,Derrick Fry,18,Female,CSE,4,88,7.4,87,89,6.05,8.2,1,False,4.3,2,100.0
S0544,Samantha Gonzalez,20,Female,MECH,5,86,3.4,47,48,6.05,4.2,5,True,6.8,10,93.45
S0545,Leslie Vaughn,18,Female,ECE,1,77,5.8,90,81,7.3,7.1,3,False,6.2,5,100.0
S0546,Sherry Woods,21,Female,AIML,8,95,2.0,51,61,6.65,6.2,10,True,5.8,2,75.0
S0547,Sarah Eaton,19,Female,EEE,8,68,4.7,47,72,7.07,5.5,4,False,2.5,7,92.95
S0548,Larry Sandoval,18,Female,MECH,2,74,6.1,54,40,9.94,6.3,3,False,2.8,6,100.0
S0549,John Chavez,20,Male,CIVIL,6,65,6.4,71,65,9.71,8.4,5,False,5.3,4,100.0
S0550,Joseph Nelson,18,Male,ECE,6,71,1.1,98,54,5.16,7.0,2,False,7.8,8,86.63
S0551,Susan Harris,20,Female,ECE,4,93,6.9,46,96,7.5,7.0,6,True,6.0,6,100.0
S0552,Katherine Washington,23,Male,AIML,6,67,7.0,66,93,6.31,8.7,7,False,6.8,6,100.0
S0553,Benjamin Kline DDS,23,Female,CSE,4,96,7.5,76,51,5.59,6.6,5,False,5.1,2,91.17
S0554,Cindy Terrell,22,Female,AIML,7,97,6.9,88,46,5.33,7.5,7,True,3.7,5,90.6
S0555,Stephanie Garza,18,Female,CSE,7,91,6.5,69,58,5.05,4.4,4,False,4.9,7,100.0
S0556,Nicholas Espinoza,22,Female,MECH,5,60,4.6,52,65,8.64,8.9,2,True,5.4,2,98.32
S0557,Kevin Anderson,18,Male,ECE,6,66,6.1,99,53,5.4,5.8,5,False,2.6,8,98.05
S0558,Amanda Boyd,18,Male,AIML,7,92,7.2,78,53,8.12,8.9,9,True,3.4,7,100.0
S0559,Sara Jackson,20,Male,CIVIL,5,50,4.5,57,44,7.21,5.7,5,False,3.1,3,87.23
S0560,Lisa Murray,23,Female,MECH,5,85,7.7,92,51,6.62,4.9,7,False,2.1,4,100.0
S0561,William Smith,20,Male,ECE,1,86,3.4,65,89,7.75,6.3,8,False,5.5,8,98.4
S0562,Lindsey Mcconnell,23,Female,ECE,7,51,6.2,99,56,7.05,6.4,1,True,2.3,9,100.0
S0563,Shelly Hensley,19,Male,EEE,6,100,7.0,69,82,9.55,4.1,1,False,4.7,9,100.0
S0564,Benjamin Turner,23,Male,AIML,5,85,7.6,82,57,5.43,7.0,5,False,5.7,2,100.0
S0565,James Mcbride,21,Female,CSE,7,64,4.5,90,82,7.62,7.3,3,False,6.4,4,100.0
S0566,Ashley Lewis,22,Male,CSE,4,56,3.9,91,65,8.33,6.6,10,False,3.4,7,98.51
S0567,Gordon Cannon,19,Female,EEE,2,51,6.3,42,77,7.47,8.5,4,False,7.3,9,100.0
S0568,Debra Richardson MD,21,Male,MECH,8,92,2.8,77,76,8.65,6.8,8,True,6.7,5,100.0
S0569,Donald Johnson,22,Female,CIVIL,2,53,3.3,61,54,5.76,4.7,1,False,6.7,5,91.56
S0570,Steven Landry,19,Female,MECH,3,51,4.7,85,99,6.17,8.3,5,True,1.1,7,100.0
S0571,Sarah Stewart,19,Male,CIVIL,8,52,1.5,98,48,7.08,5.4,10,False,6.0,1,72.32
S0572,Charles Ware,21,Female,MECH,4,88,1.0,66,43,7.03,8.3,1,True,2.9,3,81.22
S0573,Tyler Hickman,20,Male,ECE,6,58,2.6,61,52,9.12,8.3,9,False,1.6,7,100.0
S0574,Angela Rodriguez,20,Male,CSE,8,86,1.2,65,96,5.09,6.7,2,False,4.3,2,75.39
S0575,Edward Johnson,18,Female,MECH,1,53,5.7,52,52,9.44,6.2,1,False,1.8,3,100.0
S0576,Wendy Singh,23,Male,CSE,7,96,7.9,96,56,7.59,6.9,8,True,7.7,9,100.0
S0577,John Pacheco,22,Female,EEE,6,58,3.0,88,85,8.01,4.3,2,True,4.8,10,100.0
S0578,Robert Barton,18,Male,MECH,1,65,2.2,55,85,6.44,7.7,2,False,1.4,2,89.06
S0579,Taylor Calhoun,18,Male,AIML,4,64,3.2,100,54,9.37,8.7,1,False,3.9,10,100.0
S0580,Barry Walker,18,Female,MECH,5,80,8.0,84,51,7.63,4.3,10,False,4.3,1,89.42
S0581,Justin Dunlap,19,Female,ECE,2,99,6.4,69,51,8.33,8.0,2,True,1.4,4,100.0
S0582,Christopher Martinez,22,Male,MECH,4,79,6.2,89,36,5.3,6.6,1,True,3.0,2,100.0
S0583,Stephanie Bell,19,Female,CIVIL,1,57,7.5,44,53,6.83,7.1,5,True,7.8,5,100.0
S0584,Andrew Thompson,20,Male,ECE,1,95,2.4,81,95,8.0,4.4,10,True,7.5,1,89.14
S0585,John Russell,22,Male,CSE,2,55,3.3,50,64,9.96,7.1,7,False,2.6,9,96.47
S0586,Jennifer Ashley,19,Female,CIVIL,8,65,2.1,52,69,7.14,7.7,6,False,7.0,9,91.27
S0587,Dawn Jones,20,Male,CSE,4,77,1.2,40,89,7.68,8.3,6,False,3.5,3,67.08
S0588,Megan Mccarthy,22,Male,EEE,8,96,6.3,88,88,5.56,4.6,10,False,4.7,9,100.0
S0589,Scott Williams,20,Female,EEE,3,80,6.3,83,51,9.01,5.9,5,False,7.8,4,100.0
S0590,Frederick Sanchez,21,Female,AIML,5,93,5.3,86,78,9.33,4.9,4,False,7.1,9,100.0
S0591,Debra Escobar,23,Female,MECH,2,97,5.5,77,73,7.14,4.6,3,True,4.3,10,100.0
S0592,Andrea Gonzalez,21,Male,MECH,4,58,7.1,100,49,7.83,7.8,2,True,4.3,8,100.0
S0593,Ricardo Jones,23,Female,AIML,5,69,3.5,55,93,8.39,7.5,1,True,3.2,2,99.24
S0594,Robert Peters,21,Female,AIML,3,64,4.3,91,80,7.89,7.2,9,False,3.0,9,100.0
S0595,Taylor Baker PhD,22,Female,MECH,7,51,4.6,72,59,9.17,8.2,7,True,4.0,9,100.0
S0596,Jason Obrien,18,Male,AIML,3,50,2.7,77,88,9.64,6.9,9,False,7.4,1,95.7
S0597,Nicholas Johnston,20,Male,AIML,5,60,6.8,46,91,6.94,5.7,5,True,2.7,4,100.0
S0598,Janice Morgan,22,Male,ECE,4,77,1.5,91,72,8.7,5.5,3,True,5.9,7,98.91
S0599,William Juarez,22,Male,ECE,8,95,5.3,63,70,5.05,8.0,4,False,5.5,2,86.88
S0600,Maureen Lee,20,Male,AIML,6,58,2.1,64,83,8.98,4.7,8,True,4.7,3,90.03
S0601,Claudia Roberts,22,Female,ECE,8,79,1.8,72,36,6.23,8.5,10,True,7.6,10,77.29
S0602,Jessica Brown MD,18,Female,AIML,7,83,2.7,49,57,8.12,4.4,10,True,2.3,1,65.85
S0603,Cheryl Andrade,21,Male,EEE,8,72,2.8,91,47,7.42,7.2,8,True,5.6,6,86.89
S0604,Molly Andrews,23,Female,EEE,5,77,4.2,70,78,6.55,5.6,2,True,2.7,1,91.56
S0605,Brett Murphy,20,Female,ECE,7,63,7.7,49,88,6.31,4.3,10,True,2.7,7,95.86
S0606,Tara Mitchell,21,Female,ECE,2,70,4.6,95,43,5.05,7.5,7,True,6.4,8,93.5
S0607,Christopher Thomas,23,Female,ECE,1,75,4.4,55,56,6.39,5.6,2,True,7.4,8,92.08
S0608,Zachary Williams,19,Female,AIML,3,94,5.4,46,43,5.63,8.7,1,True,6.4,4,94.29
S0609,Mark Brown,21,Male,MECH,4,64,6.3,45,66,8.85,4.5,5,False,6.7,3,85.83
S0610,Danielle Green,22,Male,ECE,4,83,1.5,57,85,8.56,4.3,8,True,4.2,10,100.0
S0611,Kevin Guzman,21,Female,AIML,7,100,3.6,66,58,7.38,9.0,8,False,2.5,10,100.0
S0612,Thomas Hess,20,Male,EEE,1,52,5.1,96,83,6.27,8.6,9,False,4.5,7,96.5
S0613,Ronald Dunn,21,Female,CSE,1,86,6.4,47,72,9.74,5.8,10,True,4.6,1,97.52
S0614,Lisa Butler,20,Male,AIML,7,72,2.9,79,40,5.74,7.1,5,True,1.7,7,78.76
S0615,Danielle Smith,18,Male,EEE,4,95,4.1,99,58,9.29,6.7,1,False,3.4,1,100.0
S0616,Brandon Miller,23,Female,ECE,7,52,5.9,53,92,8.77,8.8,7,False,4.7,5,100.0
S0617,Kimberly Lynch,19,Female,MECH,5,64,2.1,95,38,9.27,8.6,2,False,7.3,10,100.0
S0618,Joy Palmer,21,Female,CSE,5,58,2.8,45,35,8.35,4.0,8,True,1.6,2,68.94
S0619,Brittany Roth,19,Male,ECE,4,85,1.9,46,76,7.15,8.4,5,False,6.3,1,85.04
S0620,Taylor Crawford,23,Male,AIML,1,82,4.7,80,64,9.28,8.6,1,True,4.9,5,100.0
S0621,Jennifer Silva,18,Male,EEE,4,50,2.1,81,37,5.79,6.4,2,False,6.6,1,60.99
S0622,Kristen Patrick,20,Male,EEE,6,69,2.8,82,91,7.4,6.0,5,False,4.1,1,87.84
S0623,Matthew Fisher,19,Male,ECE,4,73,7.9,93,99,6.6,8.3,1,False,4.4,3,100.0
S0624,Tammy Rojas,18,Male,ECE,8,95,5.0,71,87,5.4,9.0,7,False,2.9,7,99.02
S0625,Mary Hunt,20,Female,MECH,2,69,3.8,93,51,7.56,5.3,9,False,4.3,3,96.79
S0626,Robert Horn,20,Male,CSE,1,85,5.8,56,79,8.58,7.5,8,False,4.2,4,100.0
S0627,Elizabeth Perez,20,Female,EEE,5,89,3.6,100,43,7.9,4.9,2,False,5.4,10,100.0
S0628,Samantha Liu MD,23,Female,ECE,1,68,5.8,58,88,5.87,8.9,7,False,5.8,1,83.21
S0629,Brittney Santiago,18,Male,CSE,1,56,5.5,100,82,9.05,6.7,5,True,6.7,1,100.0
S0630,Alison Brooks,21,Male,MECH,4,80,2.1,93,93,8.35,8.9,7,True,5.2,10,100.0
S0631,Kelly Oliver,21,Male,EEE,3,50,6.8,60,86,7.72,5.5,1,False,1.8,8,100.0
S0632,Jeremiah Ashley,20,Female,AIML,3,53,4.7,83,81,9.44,7.5,1,True,2.3,10,100.0
S0633,Jamie Wilson,20,Male,MECH,1,52,2.5,68,67,5.18,8.6,10,False,4.2,2,57.68
S0634,Heather Torres,22,Male,EEE,3,72,2.2,76,77,5.98,8.5,10,True,5.7,9,93.19
S0635,Andrew Knight,20,Female,AIML,1,50,7.7,93,53,9.98,8.2,1,True,1.3,1,100.0
S0636,Linda Lee,22,Male,ECE,2,78,3.4,70,65,7.56,6.0,4,False,2.0,9,100.0
S0637,Antonio Frye,22,Male,CIVIL,4,83,6.1,58,47,8.39,6.1,5,False,5.2,7,100.0
S0638,Bradley Nash,22,Male,AIML,5,67,2.5,92,41,7.52,8.3,8,True,4.8,2,76.02
S0639,Craig Kirby,19,Male,CSE,6,87,4.9,65,35,7.07,5.6,10,True,7.5,4,81.56
S0640,Joe Booker,19,Female,MECH,3,80,3.0,51,99,8.93,4.3,3,False,4.5,3,93.63
S0641,Michael Reeves,22,Male,EEE,8,83,5.1,63,47,7.14,5.4,5,True,6.9,6,100.0
S0642,James Austin,21,Male,CIVIL,4,91,6.8,64,36,8.86,6.1,9,False,7.7,1,94.68
S0643,Erin Taylor,23,Female,CSE,8,79,5.2,62,85,7.86,6.5,8,True,5.4,9,100.0
S0644,Melanie Copeland,21,Female,CSE,3,73,1.2,76,67,6.46,6.0,8,False,1.4,6,73.87
S0645,Alicia Smith,23,Male,AIML,1,69,5.4,72,44,6.49,6.1,4,True,7.5,4,86.92
S0646,Michelle Hernandez,22,Male,CSE,1,76,4.7,96,79,7.09,7.7,1,True,4.1,9,100.0
S0647,Arthur Tran,18,Male,CSE,5,67,7.2,93,95,6.87,5.2,10,True,3.1,3,100.0
S0648,Jennifer Thomas,23,Male,EEE,5,88,2.3,55,72,9.03,7.0,5,True,7.2,6,93.27
S0649,Melissa Villa,19,Female,EEE,1,65,1.4,76,98,9.81,4.9,8,True,1.6,3,97.01
S0650,Steve Vargas,23,Male,CIVIL,2,90,3.8,68,73,7.88,4.2,8,False,7.2,5,100.0
S0651,Mary Knight,23,Female,AIML,1,94,1.9,66,88,9.47,8.9,9,False,3.5,5,100.0
S0652,Jared Simmons,20,Female,MECH,5,51,6.5,89,77,9.06,7.8,1,False,6.0,9,100.0
S0653,Ryan Hunter,19,Female,AIML,5,66,3.2,45,53,8.21,7.5,5,True,6.4,8,100.0
S0654,Crystal Lee,19,Male,ECE,1,54,1.5,62,37,5.86,6.9,8,True,1.7,7,83.8
S0655,Jennifer Collins,22,Male,MECH,5,87,6.0,68,53,9.41,6.9,1,True,4.2,10,100.0
S0656,Mindy Long,21,Female,CIVIL,2,63,5.5,53,81,5.03,6.4,9,True,3.3,7,89.79
S0657,Sonya Zavala,20,Male,EEE,8,97,1.4,62,61,8.48,4.7,3,False,3.9,1,85.65
S0658,Sharon Brewer,21,Female,CIVIL,8,71,2.0,47,43,9.05,4.4,6,True,7.4,3,74.36
S0659,Victoria Wall,21,Female,AIML,2,97,5.7,95,85,7.32,7.0,9,False,6.2,2,100.0
S0660,Oscar Lewis,18,Female,CIVIL,7,95,2.8,100,52,9.46,5.0,8,True,3.7,9,100.0
S0661,Kevin Kennedy,20,Male,MECH,2,100,1.7,86,96,7.35,8.3,5,False,2.6,10,100.0
S0662,Melissa Douglas,22,Male,MECH,1,51,5.4,75,59,8.19,5.4,7,False,3.8,6,98.06
S0663,Sherri Kent,23,Male,MECH,1,68,2.8,72,38,8.02,8.7,9,True,2.0,6,85.52
S0664,Gabriella Spence,20,Female,CSE,1,91,3.2,51,65,8.6,8.3,3,False,2.6,1,92.41
S0665,Stephanie Wheeler,23,Female,ECE,3,74,2.6,76,93,6.27,8.7,2,True,4.8,7,100.0
S0666,Sarah Garcia,20,Male,CIVIL,6,93,4.9,64,82,6.0,6.1,4,False,7.1,1,98.64
S0667,Heidi Lynn,21,Female,ECE,3,66,4.3,80,96,6.18,7.6,2,False,6.7,3,92.54
S0668,Anna Mcintyre,22,Female,EEE,1,86,3.9,87,89,6.16,4.7,7,False,3.0,10,100.0
S0669,Brian Gillespie,19,Female,EEE,6,55,3.6,83,52,9.92,5.5,2,False,6.4,7,100.0
S0670,Tara Jackson,20,Female,ECE,2,53,3.7,45,72,8.73,4.5,8,False,4.9,6,100.0
S0671,Melissa Haney,21,Male,CSE,1,96,4.4,87,61,9.01,6.2,6,True,6.9,6,100.0
S0672,James Kent,23,Male,ECE,7,100,6.5,62,78,5.22,5.5,9,True,3.8,8,99.77
S0673,Maria Davis,20,Male,AIML,4,50,5.8,88,63,7.23,6.4,4,False,5.5,6,100.0
S0674,Keith Garcia,19,Female,AIML,1,63,6.1,62,40,7.23,4.6,6,True,4.3,7,94.7
S0675,Cheryl Buchanan,23,Male,CSE,7,98,2.0,95,79,8.12,7.6,7,True,3.0,4,100.0
S0676,Christina Fleming,22,Female,CIVIL,5,77,8.0,82,96,9.39,5.6,4,True,4.3,5,100.0
S0677,Melissa King,23,Male,MECH,5,75,7.6,76,87,5.81,8.5,7,True,3.5,9,100.0
S0678,Leslie Harvey,23,Female,MECH,4,84,5.8,47,66,7.19,7.9,3,True,6.5,9,100.0
S0679,Billy Bautista,19,Female,AIML,7,60,3.2,80,37,6.05,6.3,9,False,1.7,2,67.06
S0680,Matthew Bender,21,Female,CSE,6,97,6.7,41,65,5.2,8.2,4,True,5.5,3,93.79
S0681,John Bates,21,Male,MECH,8,80,2.9,83,55,6.03,5.2,4,False,3.9,4,81.52
S0682,Kirsten Gonzales,18,Male,CSE,2,56,6.6,83,97,9.26,7.9,8,True,6.7,7,100.0
S0683,Amy Golden,21,Male,MECH,4,75,5.9,99,67,5.5,7.5,3,True,7.1,6,100.0
S0684,Christopher Conley,22,Female,AIML,2,50,3.5,47,39,7.4,6.8,7,False,2.8,5,78.41
S0685,Christina Thomas,19,Male,AIML,7,56,3.3,56,68,8.58,4.3,7,True,2.7,2,86.13
S0686,Benjamin Wolfe,19,Female,EEE,6,66,6.4,89,70,9.46,6.2,3,True,3.9,6,100.0
S0687,Stephanie Jordan,21,Female,AIML,8,71,3.6,91,40,5.67,5.6,3,False,3.9,1,83.33
S0688,Shannon Reyes,23,Male,CSE,1,92,6.6,46,44,5.99,6.5,2,False,6.4,10,100.0
S0689,Jacob Harper,18,Female,AIML,7,95,3.9,58,73,6.56,8.1,6,True,6.6,7,92.64
S0690,Morgan Allen,21,Female,CIVIL,5,81,1.8,98,95,5.16,6.6,2,False,7.8,5,93.61
S0691,Edgar Ferrell,23,Male,ECE,8,53,5.3,68,56,7.02,8.4,10,True,5.5,6,98.95
S0692,Abigail Jones,19,Female,CIVIL,3,96,2.8,90,84,9.12,4.5,8,True,2.3,10,100.0
S0693,Brooke Vargas,19,Female,ECE,7,95,6.5,92,53,5.63,6.1,9,True,3.6,7,100.0
S0694,Herbert Simpson,22,Male,CSE,8,55,7.9,72,85,5.67,4.3,7,False,2.1,3,100.0
S0695,Justin Williams,19,Male,CIVIL,8,61,2.0,46,51,9.68,6.6,10,True,7.1,1,70.15
S0696,Ronald Buckley,22,Male,CSE,5,57,5.7,68,66,7.89,4.3,6,True,3.9,2,95.91
S0697,Diane Dennis,21,Female,ECE,2,75,2.8,40,97,7.34,8.4,4,True,6.3,5,95.56
S0698,Brittney Little,19,Male,AIML,2,96,3.1,81,95,9.36,5.0,7,True,7.3,1,100.0
S0699,Paul Castro,21,Female,CSE,3,64,5.1,45,86,6.01,6.3,9,True,5.1,5,90.03
S0700,Sharon Coleman,20,Male,ECE,4,66,3.3,95,58,8.65,6.3,5,True,2.5,5,100.0
S0701,Mr. Mark Cooper DVM,22,Female,CIVIL,7,72,7.5,99,52,6.02,5.2,10,False,2.8,8,100.0
S0702,Ronald Moore,23,Female,CIVIL,3,61,1.2,83,97,7.98,7.0,5,False,6.7,4,88.52
S0703,Bryan Gaines,19,Male,ECE,5,56,1.9,68,82,5.82,4.2,1,True,5.3,2,76.47
S0704,Steven Jones,22,Male,MECH,4,61,7.3,81,47,9.49,6.2,4,False,6.5,8,100.0
S0705,Christopher Reyes,20,Female,ECE,3,61,6.8,100,74,8.49,5.0,7,False,2.8,6,100.0
S0706,Kayla Mcdonald,18,Male,CSE,4,72,4.3,57,60,5.15,7.0,10,False,3.1,7,77.74
S0707,Rachel Hernandez,23,Male,CIVIL,5,76,1.7,64,58,6.03,6.2,5,True,5.7,8,91.67
S0708,Heather Bowen,19,Male,AIML,7,94,5.0,100,38,9.7,6.4,2,True,6.5,7,100.0
S0709,Jason Brewer,20,Male,MECH,5,97,6.7,83,68,8.23,8.2,4,True,4.4,1,100.0
S0710,Karen Adams,21,Female,AIML,4,55,4.7,96,98,9.22,5.8,6,True,4.6,2,100.0
S0711,Jennifer Fischer,20,Female,ECE,7,66,5.3,61,85,5.78,6.2,9,True,4.8,2,76.55
S0712,Ashley Harper,21,Female,MECH,1,57,3.4,52,79,7.94,4.3,1,False,4.9,6,97.6
S0713,Ms. Morgan Austin,22,Male,CIVIL,2,93,1.6,46,40,9.85,7.7,3,True,1.5,4,89.58
S0714,Raymond Berry,20,Male,EEE,3,94,6.9,53,63,6.05,4.0,5,False,4.6,6,100.0
S0715,Barbara Jimenez,23,Female,CSE,7,93,3.5,62,94,9.78,8.4,8,False,2.2,9,100.0
S0716,Jasmine Hanson,18,Female,EEE,6,55,1.9,75,74,5.58,8.9,1,True,2.4,5,82.29
S0717,Mary Butler,23,Male,CSE,7,94,4.2,66,96,8.74,4.3,9,False,2.3,1,100.0
S0718,Andrew Rivas II,22,Male,MECH,7,64,1.8,90,89,9.59,8.6,9,False,3.7,1,95.08
S0719,Tracy Horn,22,Female,ECE,5,89,2.9,94,48,9.98,5.3,7,True,4.6,3,98.45
S0720,Anthony Rodriguez,22,Male,CIVIL,2,79,1.6,72,81,6.96,6.5,9,False,7.5,5,72.95
S0721,Jessica Zhang,18,Male,EEE,3,61,1.6,100,74,9.71,8.3,1,False,3.3,8,100.0
S0722,David Johnson,20,Female,ECE,8,64,5.3,55,93,8.93,4.6,6,False,3.0,5,100.0
S0723,Mr. Kevin Price,22,Female,CSE,2,56,5.8,44,82,7.07,6.4,3,False,3.5,3,100.0
S0724,Kevin Raymond,18,Male,AIML,5,97,5.9,66,38,6.96,7.1,9,True,1.7,3,90.81
S0725,Samantha Roach,21,Female,EEE,7,91,3.3,100,48,9.44,6.4,1,False,6.7,6,100.0
S0726,Spencer Berger,21,Female,CSE,7,95,6.9,68,78,9.85,8.8,1,True,2.2,10,100.0
S0727,Jamie Mcgee,22,Male,AIML,4,53,6.4,68,87,7.1,8.8,9,False,6.5,7,100.0
S0728,Tyler Deleon,19,Female,MECH,1,65,4.1,69,38,5.99,5.4,2,True,2.9,5,83.22
S0729,Mr. Christopher Hall,20,Male,EEE,3,69,2.5,57,37,9.43,5.1,1,True,4.3,7,100.0
S0730,Jason Kelly,18,Male,CSE,5,87,3.8,70,79,8.7,6.7,5,True,3.4,6,100.0
S0731,Marc Villegas,22,Male,AIML,2,80,6.3,69,44,9.4,6.4,6,True,1.6,8,100.0
S0732,Phillip Gallegos,20,Male,CSE,4,68,2.6,47,46,8.8,6.6,5,True,8.0,9,96.6
S0733,James Houston,20,Male,ECE,3,83,6.6,64,94,6.3,6.2,6,True,2.7,1,100.0
S0734,Judith Rodriguez,22,Female,AIML,4,59,4.5,50,58,7.13,5.4,9,True,4.5,8,88.85
S0735,Michael Logan,22,Female,ECE,3,61,5.6,83,92,6.14,6.9,2,True,4.1,4,100.0
S0736,Rebecca Smith,21,Female,CSE,7,55,1.1,92,42,9.81,4.1,7,True,1.2,3,84.66
S0737,Sherry Myers,18,Female,CSE,4,53,4.8,42,41,5.85,6.5,3,False,2.0,3,76.28
S0738,Ashley Perez,23,Male,CSE,3,68,3.2,61,73,5.94,6.1,8,True,2.8,10,93.29
S0739,Jason James,19,Female,EEE,2,56,5.1,59,44,8.14,7.9,1,False,6.2,6,100.0
S0740,Darren Wright,22,Female,EEE,1,97,4.0,81,53,9.23,6.6,5,False,4.5,1,99.57
S0741,Jason Clark,21,Female,AIML,7,79,7.1,51,85,7.02,5.1,8,False,3.0,8,100.0
S0742,James Lawson,22,Male,EEE,8,63,3.7,96,77,5.45,7.0,3,True,3.0,2,96.69
S0743,Amber Christensen,18,Female,CIVIL,5,85,1.7,42,81,8.54,7.7,6,True,2.2,6,92.85
S0744,Nicholas Smith,18,Male,MECH,7,79,4.7,96,60,7.95,4.4,5,True,2.8,9,100.0
S0745,Chelsea Smith,23,Female,EEE,2,88,4.4,61,46,7.68,7.5,10,True,2.6,8,92.97
S0746,Juan Carter,18,Female,CIVIL,2,94,4.1,86,42,5.08,4.6,5,True,5.7,5,90.9
S0747,Christy Pugh,21,Female,CIVIL,5,81,3.5,59,35,5.79,7.8,8,False,4.4,2,77.9
S0748,Kimberly Nelson,21,Male,ECE,7,90,1.3,99,79,8.03,4.4,1,True,6.0,5,100.0
S0749,Scott Blanchard,23,Female,MECH,7,78,5.4,45,88,5.68,6.1,6,False,2.8,3,96.77
S0750,Tina Ashley,21,Female,MECH,3,62,5.1,69,83,6.76,5.5,4,False,1.1,2,92.51
S0751,Colin Walker,22,Male,EEE,6,91,5.6,96,66,5.22,8.6,6,True,1.2,9,100.0
S0752,Jeffrey Wilson,19,Male,MECH,4,90,4.2,98,60,9.31,7.1,5,True,2.4,7,100.0
S0753,Jeremy Jackson,21,Female,CIVIL,6,96,1.7,78,93,5.77,8.0,1,True,4.1,1,89.58
S0754,Bryan Martinez,18,Male,AIML,8,93,4.0,43,90,5.92,6.0,8,False,3.1,4,89.64
S0755,Stephanie Sanchez,23,Female,CSE,8,63,7.6,60,89,6.63,4.8,4,False,3.5,8,100.0
S0756,Jamie Arnold,18,Female,AIML,6,89,6.8,56,95,9.15,6.2,3,False,4.7,5,100.0
S0757,Michael Gomez,22,Female,AIML,2,92,5.2,62,48,5.82,4.6,4,True,2.2,6,100.0
S0758,Derek Price,22,Male,MECH,4,93,4.2,99,91,9.32,8.6,8,True,7.0,6,100.0
S0759,Lisa Schneider,23,Female,ECE,1,69,2.9,68,58,8.81,7.9,4,False,5.5,5,95.6
S0760,Steven Phillips,23,Female,MECH,4,92,1.1,64,43,8.68,6.9,7,True,5.7,1,71.48
S0761,Laura Spence,21,Male,CIVIL,3,82,4.9,75,41,6.86,5.3,9,True,6.4,10,95.64
S0762,Benjamin Good,22,Male,AIML,8,93,5.8,92,51,7.29,7.2,4,True,5.4,5,100.0
S0763,Joseph Garcia,21,Male,ECE,5,62,4.9,71,71,5.21,5.3,1,True,7.0,6,88.19
S0764,James Love,19,Male,ECE,3,72,6.3,95,51,5.42,4.3,6,True,5.3,3,84.95
S0765,Anthony Myers,23,Male,AIML,5,77,4.4,59,76,9.36,6.5,8,False,3.6,7,100.0
S0766,Teresa Perry,21,Male,ECE,6,69,4.6,89,56,8.68,5.1,8,True,7.8,2,88.59
S0767,Robert Smith,19,Female,CIVIL,7,75,4.6,67,60,7.58,8.1,7,True,1.3,8,100.0
S0768,Sean Moyer,22,Female,ECE,1,95,2.4,78,49,9.26,7.9,8,True,6.8,6,98.97
S0769,Michael Singleton,22,Female,ECE,1,83,2.9,68,71,5.53,7.3,8,True,6.0,7,89.46
S0770,Brian Jackson,23,Female,MECH,1,96,3.3,44,39,9.01,4.2,8,False,1.2,5,94.29
S0771,Kimberly Alvarado,22,Male,MECH,4,72,4.6,73,62,5.79,4.6,7,False,3.5,8,94.15
S0772,Laura Bailey,21,Male,CSE,5,99,4.7,78,81,7.31,5.6,8,False,3.8,8,100.0
S0773,Justin Lindsey,23,Female,CSE,6,79,4.0,78,79,9.8,8.5,10,False,5.2,8,100.0
S0774,Bradley Farrell,19,Male,CSE,2,77,4.9,65,89,6.61,6.4,2,False,3.8,10,100.0
S0775,Miranda Wong,22,Female,ECE,5,70,6.1,42,96,7.04,6.0,2,True,4.8,2,100.0
S0776,Mary Brooks,18,Female,ECE,5,91,2.5,64,83,6.2,6.8,6,False,7.5,8,87.14
S0777,Randy Brown,19,Male,ECE,8,91,7.0,82,99,5.66,5.3,5,False,1.2,1,100.0
S0778,James Miller,23,Female,ECE,5,57,1.1,42,99,5.96,4.8,10,True,5.7,9,71.72
S0779,Rebecca Marshall,21,Female,ECE,6,54,3.2,40,81,7.35,6.8,10,False,4.4,6,83.31
S0780,Diane Harrison,20,Female,CIVIL,3,82,3.9,54,70,8.0,6.4,3,True,1.5,2,94.49
S0781,Craig Love,23,Male,EEE,6,84,5.1,44,44,9.71,4.3,3,True,1.2,6,100.0
S0782,Eric Bailey,18,Female,ECE,3,91,5.1,72,90,9.11,6.3,6,False,3.7,9,100.0
S0783,Lisa Flynn,23,Male,CIVIL,4,69,7.5,87,76,8.99,4.8,4,True,3.4,5,100.0
S0784,Mark Sanders,21,Male,CIVIL,3,70,2.7,70,94,5.94,5.3,9,True,1.3,7,87.68
S0785,Amber Shah,18,Female,ECE,3,75,2.7,58,61,8.87,4.6,7,True,4.5,3,82.13
S0786,Mary Sellers,18,Female,EEE,8,97,3.0,97,48,6.1,7.4,7,True,2.6,5,87.54
S0787,James Berry,21,Female,MECH,5,66,1.2,45,72,9.13,8.1,10,True,6.1,4,78.36
S0788,Scott Brewer,21,Female,AIML,4,95,4.3,72,55,7.22,7.3,5,True,1.1,3,100.0
S0789,James Mccarthy,20,Male,AIML,2,82,4.5,66,96,5.69,5.3,6,True,3.8,4,88.38
S0790,Justin Thornton,22,Female,ECE,3,73,1.7,95,97,6.85,7.2,4,False,5.3,2,85.07
S0791,Nathan Davis,21,Male,CIVIL,2,66,7.8,90,41,5.89,8.5,1,True,4.7,9,100.0
S0792,Frank Kim,18,Male,MECH,6,55,4.2,43,90,7.71,8.2,8,True,1.4,4,87.93
S0793,Andrew Rich,20,Male,ECE,1,65,3.8,50,89,6.01,4.4,10,True,6.8,6,82.12
S0794,Megan Sanford,19,Male,MECH,4,87,6.0,63,94,7.53,6.7,5,False,5.3,7,100.0
S0795,Sherry Cannon,19,Male,EEE,7,57,4.5,51,77,8.27,8.6,4,True,1.1,9,100.0
S0796,Nathan Delacruz,23,Male,AIML,6,57,6.7,84,44,6.7,4.4,5,True,2.6,8,100.0
S0797,Crystal Ramirez,23,Female,AIML,6,76,4.8,43,57,5.11,7.4,3,False,1.1,10,95.71
S0798,Pamela Rodriguez MD,23,Male,MECH,8,69,6.3,81,41,7.34,4.4,3,False,2.9,6,100.0
S0799,Sean Cooley,20,Male,AIML,3,56,5.3,71,83,9.92,4.2,5,False,4.9,4,100.0
S0800,Melissa Mcpherson,19,Male,CIVIL,8,66,2.8,61,71,8.48,4.8,6,False,4.2,6,96.68
S0801,Kelly Torres,23,Female,ECE,8,72,7.8,52,81,8.01,6.8,2,True,2.1,9,100.0
S0802,Peter Oneill,19,Female,AIML,1,59,3.7,60,67,6.71,7.4,5,False,6.1,4,81.67
S0803,Perry Miller,20,Female,EEE,2,79,7.5,43,57,6.58,7.6,1,True,3.2,5,100.0
S0804,Carl Gonzalez,21,Male,EEE,8,58,6.6,74,88,8.12,4.0,7,False,1.7,8,100.0
S0805,Suzanne Chapman,23,Female,CIVIL,2,96,3.4,45,83,7.48,6.1,7,False,2.5,5,94.31
S0806,Kyle Hunter,19,Male,CSE,1,50,3.0,76,78,7.72,6.7,2,True,6.8,4,97.74
S0807,Colin Schultz DDS,18,Male,ECE,1,91,4.4,86,98,8.36,4.4,2,True,3.5,2,100.0
S0808,Connor Nguyen,21,Male,MECH,7,63,6.4,78,82,7.97,4.9,7,True,6.5,2,99.05
S0809,Brianna Bennett,21,Female,CSE,5,71,4.2,51,74,5.49,7.5,2,False,5.5,2,87.8
S0810,Melissa Miller,18,Male,CSE,1,99,5.1,54,42,7.91,5.2,10,True,4.1,4,82.67
S0811,Harold Rios,20,Male,MECH,2,60,2.1,40,78,6.9,5.7,2,True,6.2,10,85.42
S0812,Frank Fisher,18,Female,MECH,7,73,4.6,43,56,8.84,7.3,2,False,2.6,2,93.92
S0813,Kristen Newman,22,Male,CSE,4,95,7.4,60,96,5.28,4.9,9,False,6.4,6,100.0
S0814,Robert Baker,18,Male,CIVIL,6,100,2.7,78,42,8.5,5.2,7,True,7.8,2,84.21
S0815,Brett Thompson,23,Female,CIVIL,1,87,2.2,63,73,7.12,5.4,3,False,7.4,5,82.91
S0816,David Hill,23,Male,CSE,3,53,3.7,58,98,8.48,4.5,7,False,2.4,3,88.99
S0817,Connor Davis,22,Male,MECH,7,89,1.2,63,51,8.34,4.5,7,False,2.1,7,89.51
S0818,David Perry,19,Male,CSE,6,82,2.1,85,82,6.12,6.6,10,True,7.6,7,92.66
S0819,Amy Elliott,20,Female,MECH,3,70,3.8,75,37,5.2,5.5,10,True,3.9,1,68.38
S0820,Beth Simpson,22,Male,EEE,1,62,5.5,61,55,7.12,4.7,7,False,3.3,7,99.23
S0821,Mrs. Kristin Wright DVM,19,Female,MECH,2,63,6.7,52,37,7.25,5.4,3,True,6.8,1,90.28
S0822,Miss Jacqueline Wright MD,20,Male,MECH,6,52,7.3,43,70,5.57,6.0,1,True,2.5,4,93.69
S0823,Mr. Joshua Lester,23,Male,ECE,4,71,7.8,51,44,7.5,4.7,6,True,5.5,8,100.0
S0824,Troy Barber,19,Female,AIML,2,56,2.2,50,78,8.85,6.3,2,False,6.2,5,90.12
S0825,Lori Lynch,20,Female,CIVIL,4,55,1.9,75,46,6.34,8.2,5,False,4.0,7,94.63
S0826,Amanda Snow,21,Female,ECE,2,61,7.0,64,97,8.44,8.0,9,True,6.9,2,100.0
S0827,David Downs,19,Male,ECE,8,93,5.0,77,96,9.96,5.0,9,True,7.5,7,100.0
S0828,Russell Preston,20,Male,CSE,8,81,6.3,59,73,5.9,7.8,2,True,2.3,8,100.0
S0829,Andrea Munoz,18,Female,MECH,8,63,8.0,92,71,6.96,7.5,9,False,1.7,9,100.0
S0830,Kaitlyn Pacheco,18,Female,AIML,6,51,1.3,48,64,8.56,8.3,9,True,3.9,4,77.25
S0831,Brandon Cantrell,19,Male,EEE,1,73,1.9,53,59,8.95,7.7,10,True,7.9,9,94.96
S0832,Henry Campbell,18,Female,CSE,8,52,4.5,81,50,9.97,8.9,3,False,5.0,9,100.0
S0833,Craig Cooper,19,Male,EEE,4,64,7.3,40,39,9.98,4.6,1,False,2.7,6,100.0
S0834,Toni Clark,21,Male,CIVIL,7,50,6.7,80,89,7.96,6.5,7,True,7.8,5,100.0
S0835,Joshua Shelton,19,Female,AIML,5,64,4.4,53,36,7.8,5.7,6,True,6.9,1,87.73
S0836,Marcus Richards,19,Female,MECH,7,63,3.3,78,47,5.87,5.4,2,True,2.8,6,92.38
S0837,Jesse Gray,21,Male,MECH,4,74,3.9,50,67,8.67,6.9,8,False,4.9,6,100.0
S0838,Kristie Hall,22,Male,EEE,1,63,7.9,66,62,8.74,8.0,10,True,5.8,9,100.0
S0839,Caleb Hamilton,23,Female,ECE,6,96,4.3,51,91,6.72,8.8,9,False,5.4,4,91.98
S0840,Sydney Reyes,19,Male,ECE,8,83,2.8,83,51,6.84,8.5,5,True,5.2,9,99.23
S0841,Brittany Jenkins,22,Female,MECH,6,77,5.5,40,75,8.88,5.6,1,True,7.9,2,100.0
S0842,Mr. Jonathan Kline,23,Female,EEE,2,66,2.4,71,90,9.19,4.4,4,True,4.0,4,96.26
S0843,Douglas Williams,18,Female,ECE,5,51,5.0,69,60,7.65,5.8,10,False,4.1,10,100.0
S0844,Hannah Duncan,19,Male,CSE,3,67,5.0,45,58,7.46,6.8,2,True,2.2,5,100.0
S0845,Madison Washington,21,Female,AIML,3,51,7.5,80,71,9.21,6.4,2,True,3.7,7,100.0
S0846,Sharon Hall,22,Female,EEE,1,97,2.5,86,81,5.17,8.1,9,True,3.3,10,90.11
S0847,Edward Jordan,20,Male,CIVIL,1,66,2.0,96,84,7.18,5.3,7,True,6.2,2,86.38
S0848,Stephanie Perry,20,Male,ECE,8,87,5.5,83,82,8.81,7.5,1,False,4.4,2,100.0
S0849,Robert Nguyen,23,Female,AIML,5,87,4.0,85,44,5.89,4.1,8,False,1.1,2,81.97
S0850,Katherine Bell,23,Male,AIML,4,98,7.8,41,60,6.72,8.5,1,False,4.9,8,100.0
S0851,Mercedes Thomas,21,Female,EEE,2,50,2.6,65,77,8.1,5.2,3,True,6.3,4,89.7
S0852,Emily Pena,20,Male,MECH,5,94,2.3,93,68,9.57,6.7,2,False,1.9,2,100.0
S0853,Lisa Burns,20,Male,EEE,2,65,5.8,52,54,7.52,8.5,3,True,6.7,6,100.0
S0854,Sara Davis,23,Female,CIVIL,1,76,5.0,86,36,7.94,6.8,8,True,6.4,6,94.54
S0855,Emily Gregory,18,Male,EEE,1,67,1.4,56,74,6.56,5.7,9,True,6.8,1,56.25
S0856,Benjamin Johnson,18,Male,ECE,2,67,7.8,73,47,7.04,5.1,4,False,3.4,7,100.0
S0857,Sara Williams,22,Female,EEE,3,82,4.2,84,53,6.42,4.1,9,False,2.8,1,80.17
S0858,Daniel Jones,18,Female,CSE,8,51,2.7,78,90,5.08,8.3,8,False,6.9,6,76.44
S0859,Shelly Serrano,22,Female,MECH,5,90,4.1,80,38,8.13,8.1,8,True,4.9,10,100.0
S0860,Melissa Diaz,23,Female,EEE,8,69,6.5,99,84,7.6,8.3,4,True,7.2,5,100.0
S0861,Jennifer Curtis,20,Female,AIML,4,57,4.8,55,50,7.17,4.7,3,False,6.7,2,72.58
S0862,Theodore Cannon,22,Male,CSE,7,64,3.4,47,59,7.59,4.7,9,True,2.7,3,74.43
S0863,Tabitha Sullivan,19,Male,AIML,4,60,5.4,79,73,7.69,5.3,6,False,3.3,3,98.03
S0864,Ryan Pratt,20,Male,EEE,3,99,7.2,87,77,8.72,8.9,3,True,2.6,3,100.0
S0865,Brianna Ramirez,19,Female,MECH,6,91,4.0,91,75,8.61,7.2,8,True,5.4,7,100.0
S0866,Nancy Davis,23,Male,MECH,2,72,5.9,100,67,8.53,5.5,10,True,2.7,8,100.0
S0867,Robert Wallace,20,Male,CSE,8,90,5.7,89,99,6.31,6.6,5,False,7.0,3,100.0
S0868,Julia Thompson,21,Female,MECH,3,50,1.1,46,78,6.37,6.5,4,True,2.9,9,90.97
S0869,Hayley Howell,18,Female,MECH,7,62,6.9,41,58,5.2,6.0,9,False,2.6,6,82.02
S0870,Andrew Perez,20,Male,CSE,5,65,5.7,40,45,9.12,4.2,5,True,1.4,10,100.0
S0871,Dr. Eric Cook,18,Male,MECH,6,90,7.5,65,83,9.15,5.8,10,False,3.6,1,100.0
S0872,Heidi Rodriguez,21,Male,EEE,4,72,7.7,53,88,5.3,7.3,6,False,6.7,7,100.0
S0873,Katrina Richards,22,Female,EEE,4,71,2.8,54,45,9.1,4.6,6,False,2.8,9,97.52
S0874,Jose Miller,18,Male,MECH,6,67,3.0,60,82,5.27,7.5,8,False,4.9,5,79.76
S0875,Lisa Scott,23,Female,CSE,5,98,2.8,55,83,8.93,8.9,10,False,6.7,9,100.0
S0876,Eduardo Shaw,19,Female,AIML,6,73,3.3,58,59,6.25,6.1,4,True,7.0,6,86.05
S0877,Alice Miller,18,Female,AIML,3,85,7.3,73,50,7.44,8.6,2,False,5.0,7,100.0
S0878,Laura Johnston,18,Male,CIVIL,6,54,6.5,65,74,5.5,7.2,8,True,7.7,8,91.42
S0879,Anthony Torres,19,Male,EEE,2,59,6.7,53,72,9.04,4.6,1,False,4.5,3,100.0
S0880,Matthew Harrison,23,Male,MECH,5,100,6.4,56,69,8.54,5.3,9,True,7.3,3,100.0
S0881,Katelyn Ellis,18,Female,EEE,1,93,7.3,44,52,7.35,8.7,2,False,3.3,9,100.0
S0882,Mary Wallace,21,Male,MECH,1,100,2.4,73,57,7.84,4.2,8,True,7.1,7,100.0
S0883,Michael Day,23,Male,AIML,6,53,7.6,75,79,8.49,4.4,4,True,4.8,7,100.0
S0884,Bradley Davila,23,Male,MECH,2,87,3.4,98,77,9.23,5.9,4,False,7.2,9,100.0
S0885,Jeanette Lam,23,Male,ECE,1,71,3.5,63,93,7.5,6.3,7,True,5.9,6,89.41
S0886,John Garcia,19,Female,MECH,6,95,4.3,64,52,8.0,5.4,7,True,3.3,10,100.0
S0887,Eric Palmer,18,Female,ECE,2,78,5.1,84,43,7.12,6.3,5,True,1.1,8,100.0
S0888,John Ross,23,Female,ECE,3,63,5.0,86,80,9.03,4.7,3,False,4.0,1,100.0
S0889,Sarah Wagner,19,Male,EEE,1,97,3.5,58,85,6.26,6.1,5,False,5.2,8,91.85
S0890,Matthew Ruiz,18,Male,EEE,1,69,5.2,42,79,7.31,7.0,1,False,1.2,9,100.0
S0891,Logan Hernandez,22,Female,AIML,4,73,6.0,85,89,8.2,4.3,7,True,4.9,9,100.0
S0892,Jordan Harrison,20,Male,CIVIL,4,55,6.2,65,62,7.67,7.4,6,False,4.0,2,100.0
S0893,Brandon Adams,20,Female,AIML,7,76,7.2,60,72,8.74,7.8,2,False,3.1,6,100.0
S0894,Stephanie Mcdonald,22,Male,CIVIL,4,86,6.7,51,35,6.6,7.3,5,True,4.5,3,88.07
S0895,William Gomez,22,Male,AIML,4,68,5.0,66,73,5.37,5.9,2,True,3.2,2,88.17
S0896,Tamara Bruce,23,Male,EEE,6,58,4.8,52,56,7.95,7.2,6,False,3.5,5,93.04
S0897,Cindy Middleton,23,Male,EEE,7,93,1.9,59,65,7.05,9.0,9,False,4.9,5,80.22
S0898,Jackie Williams,21,Female,EEE,4,88,4.4,43,85,7.97,7.2,9,False,1.1,6,98.86
S0899,Chloe Freeman,23,Male,CIVIL,8,51,1.4,47,79,6.05,8.7,1,True,3.3,2,78.95
S0900,Deborah Herrera,21,Female,CSE,1,78,7.2,58,43,6.74,5.9,4,True,7.5,4,96.93
S0901,April White,19,Female,CIVIL,7,84,3.5,78,42,7.87,4.1,7,False,3.1,6,85.89
S0902,Christopher Mcclain,21,Male,ECE,1,64,2.5,44,36,6.82,8.8,9,False,6.3,9,78.72
S0903,Kimberly Raymond,20,Female,ECE,2,99,7.3,47,91,9.73,5.1,2,False,7.2,3,100.0
S0904,Lorraine Williams,19,Female,AIML,5,96,7.3,99,86,5.9,6.7,8,False,6.1,10,100.0
S0905,Lori Torres,22,Male,EEE,7,63,4.1,52,61,5.7,4.0,8,False,5.9,7,70.89
S0906,Matthew Hart,23,Male,AIML,8,92,6.2,67,97,8.07,4.9,7,False,4.3,7,100.0
S0907,Katherine Wang,22,Male,EEE,8,71,3.7,47,79,8.99,5.2,6,False,1.5,2,97.23
S0908,Kelly Nelson,20,Male,CIVIL,2,77,6.2,85,38,5.92,6.2,1,True,7.9,5,97.21
S0909,Craig Bernard,18,Female,MECH,4,84,5.6,79,81,6.58,7.7,2,False,7.3,8,100.0
S0910,Jessica Larson,18,Female,MECH,2,59,2.9,63,68,5.83,7.7,1,True,7.9,7,84.9
S0911,David West,23,Female,EEE,7,72,5.3,64,91,6.05,7.9,4,True,4.4,4,100.0
S0912,Monica Bryan,22,Female,ECE,5,97,4.2,96,76,8.03,6.8,1,True,5.5,5,100.0
S0913,Jose Lee,19,Female,ECE,8,70,6.0,79,87,9.88,7.7,1,True,2.8,1,100.0
S0914,Mark Knapp,22,Female,CSE,6,97,5.9,76,65,6.01,5.1,6,True,3.1,4,100.0
S0915,Justin Oliver,22,Female,MECH,8,80,3.2,68,37,6.59,5.8,6,False,5.4,9,95.44
S0916,Rachel Bond,23,Female,ECE,2,60,5.7,81,99,8.36,5.3,5,True,5.5,5,100.0
S0917,Kathleen White,20,Female,MECH,6,96,7.9,73,65,6.46,5.9,6,True,5.2,5,100.0
S0918,Cesar Cooper,18,Female,CSE,6,60,5.4,70,98,7.15,6.5,2,True,7.7,10,100.0
S0919,Mrs. Brittney Moss,18,Male,CIVIL,6,74,1.2,98,79,9.26,6.6,5,True,3.5,5,100.0
S0920,Darrell Williamson,21,Female,CSE,2,70,6.4,47,68,7.01,8.0,1,True,4.9,6,100.0
S0921,Jessica Garza,20,Female,CIVIL,2,51,7.9,70,84,7.47,8.3,8,True,3.0,5,100.0
S0922,Thomas Farmer,19,Female,CSE,8,66,1.8,95,51,7.16,8.1,2,True,2.4,8,100.0
S0923,Sarah Kelley,23,Female,EEE,8,66,7.9,73,44,8.7,5.2,3,False,7.7,3,100.0
S0924,Steven Rhodes,21,Male,AIML,1,84,5.9,58,47,5.4,8.3,2,False,6.9,8,90.35
S0925,Micheal Sparks,21,Male,MECH,5,59,2.5,58,91,9.0,7.3,10,True,6.5,4,82.13
S0926,Jeremy Shea,19,Male,EEE,2,60,2.3,52,48,9.03,5.5,2,True,1.5,2,96.76
S0927,Maria Lucero,20,Female,MECH,4,93,2.9,55,36,7.97,5.6,4,True,1.7,7,100.0
S0928,Rebekah Mata,22,Female,MECH,6,52,2.5,98,66,9.85,4.3,6,False,7.0,4,89.97
S0929,Leslie Fischer,19,Female,CSE,2,58,3.2,89,83,9.75,8.1,3,False,2.6,9,100.0
S0930,Matthew Davenport,23,Male,AIML,6,62,4.7,59,96,6.89,4.9,2,False,1.6,10,100.0
S0931,Amanda Wood,22,Female,EEE,5,92,2.7,63,70,8.7,6.2,4,False,4.2,10,100.0
S0932,Rickey Mendoza,20,Female,AIML,7,79,5.8,95,38,5.65,6.9,9,True,6.6,3,80.63
S0933,Brett Tucker,20,Male,CSE,3,85,5.2,46,49,7.59,8.5,3,True,2.0,10,100.0
S0934,Katie James,19,Male,CIVIL,4,72,7.1,42,52,6.78,6.6,6,False,3.8,7,100.0
S0935,Roberta Parsons,18,Male,AIML,1,78,7.5,49,47,9.77,7.5,4,False,1.5,3,100.0
S0936,Gary Taylor,23,Female,EEE,4,55,5.9,83,97,5.95,4.1,10,False,1.6,6,90.08
S0937,Mercedes Smith,23,Male,AIML,2,93,6.4,98,76,8.48,8.6,8,True,3.6,9,100.0
S0938,Kenneth Joseph,22,Female,AIML,7,94,1.9,72,39,9.01,8.9,10,False,5.2,7,82.62
S0939,Marcus Daniels,22,Female,EEE,3,56,1.6,77,56,5.24,7.3,2,True,1.6,7,99.43
S0940,David Perry,22,Male,CIVIL,8,51,1.3,53,49,7.66,6.0,9,True,1.9,3,72.43
S0941,Tracy Powell,20,Male,ECE,8,58,3.7,93,70,7.35,7.8,3,False,6.4,1,92.89
S0942,Jeremy Hernandez,20,Male,MECH,3,95,6.8,90,97,9.96,4.4,8,False,3.5,6,100.0
S0943,Ryan Clay,18,Female,MECH,5,60,4.7,49,82,8.21,5.0,4,True,4.0,9,100.0
S0944,Amanda Gentry,23,Female,AIML,6,85,7.7,51,85,8.23,4.2,5,False,5.5,10,100.0
S0945,Kristy Roach,22,Male,AIML,2,83,3.0,42,76,8.39,6.8,4,True,3.2,10,100.0
S0946,Jamie Ramirez,20,Female,MECH,3,90,3.4,61,65,9.27,4.1,4,True,3.6,2,94.58
S0947,Tamara Ward,22,Male,CSE,7,64,2.3,84,70,6.26,5.6,3,False,4.5,6,87.05
S0948,Brian Huber,18,Female,MECH,7,50,6.0,94,44,7.81,7.0,6,False,5.5,3,98.28
S0949,Angela Knox,23,Male,EEE,5,75,5.7,47,82,8.34,5.4,9,False,5.3,4,93.01
S0950,Abigail Mendoza,23,Male,CIVIL,3,60,6.5,63,81,7.56,7.1,5,False,6.3,2,100.0
S0951,Nancy Santos,22,Female,CIVIL,7,74,1.8,67,50,9.99,4.9,2,False,2.9,7,100.0
S0952,Angel Villarreal,22,Male,CSE,3,52,1.5,89,40,8.48,5.4,10,True,6.9,6,79.23
S0953,Anne Alexander,20,Female,MECH,1,98,5.6,68,93,7.79,4.2,5,True,4.2,6,100.0
S0954,Christina Parker,22,Male,CIVIL,5,77,3.4,67,72,7.37,5.8,6,False,4.9,9,99.49
S0955,Christina Hill,21,Male,MECH,6,50,3.6,98,42,6.37,5.4,1,True,5.3,7,98.72
S0956,Crystal Turner,20,Male,EEE,3,86,7.5,69,73,5.75,4.4,7,False,2.7,7,98.29
S0957,Robin Harrison,21,Female,ECE,6,56,6.3,85,85,8.47,8.5,8,False,2.4,7,100.0
S0958,Marcus Simmons,23,Male,CSE,4,70,4.3,92,77,9.27,5.3,9,True,1.9,9,100.0
S0959,Carol Hampton,22,Female,CSE,3,63,2.4,41,98,6.41,5.5,1,False,7.9,5,91.02
S0960,Randy Myers,22,Female,MECH,1,89,6.9,74,86,7.27,5.8,1,False,5.2,2,100.0
S0961,Christopher Espinoza,19,Female,CSE,3,90,5.9,90,89,5.74,7.8,6,True,2.8,4,100.0
S0962,Samuel Mills,20,Male,ECE,3,67,7.0,66,50,6.99,4.8,6,False,7.1,4,98.06
S0963,Brian Williams,23,Female,CSE,2,61,2.0,92,95,9.31,6.0,1,False,2.9,3,100.0
S0964,Nicole Rivera,18,Female,CSE,8,53,6.3,61,37,6.22,7.6,1,False,7.9,5,92.41
S0965,Robin George,18,Female,CSE,6,87,1.5,76,60,5.68,5.4,3,True,6.0,2,73.8
S0966,Monique Herrera,22,Male,CIVIL,6,68,6.1,40,95,5.22,8.1,2,True,5.3,10,100.0
S0967,Michelle Russell,21,Male,MECH,2,72,2.8,54,60,8.44,5.6,8,True,7.8,8,90.57
S0968,Edward Jenkins,18,Male,MECH,8,54,4.4,48,41,9.23,5.5,10,False,1.7,9,100.0
S0969,Carol Koch,18,Male,EEE,3,76,7.5,82,46,7.65,7.5,10,True,7.6,4,97.95
S0970,Paul Hoffman,21,Female,MECH,8,53,3.6,99,75,9.9,6.3,9,True,4.6,2,100.0
S0971,Casey Daniels,22,Female,MECH,2,76,1.8,44,68,9.8,7.2,8,False,5.9,7,93.4
S0972,Adam Williams,21,Female,AIML,8,81,2.9,48,48,5.5,6.1,2,True,7.1,4,76.53
S0973,Joseph Ellis,18,Male,EEE,5,58,3.0,70,51,8.42,5.3,10,False,6.9,10,91.25
S0974,Christopher Juarez,20,Female,EEE,3,91,2.3,84,62,6.57,8.1,4,False,2.8,5,95.45
S0975,Dr. Jeremy Bonilla,20,Male,CSE,6,83,3.4,49,79,9.72,7.6,7,True,3.9,10,100.0
S0976,Elizabeth King,18,Male,ECE,7,71,8.0,40,49,6.7,6.7,10,False,7.6,10,100.0
S0977,Michael Perez,22,Female,CSE,2,51,7.5,94,63,8.7,7.1,7,True,2.0,7,100.0
S0978,Christopher Shaffer,23,Female,MECH,2,50,3.6,79,77,9.19,6.8,1,True,7.8,4,100.0
S0979,Francisco Leach,21,Male,EEE,2,81,2.6,81,38,8.23,6.7,8,False,3.4,9,98.09
S0980,Paul Nguyen,23,Female,AIML,7,74,4.6,58,40,9.33,6.8,7,True,6.9,4,94.1
S0981,Regina Hernandez,18,Female,MECH,6,86,7.0,92,55,7.07,5.3,10,True,4.0,4,99.33
S0982,Colleen Carpenter,23,Female,ECE,4,80,4.1,95,73,5.18,8.5,10,True,7.6,4,80.01
S0983,Michael Nguyen,18,Male,EEE,8,79,1.2,78,69,7.55,5.2,4,True,5.8,5,87.61
S0984,Tammy Coleman,20,Male,EEE,3,53,2.9,81,64,6.08,7.3,8,True,7.6,2,76.53
S0985,Tonya Johnson,23,Female,CIVIL,6,58,3.5,61,65,5.17,5.9,6,False,2.7,5,75.41
S0986,Deborah Green,19,Female,AIML,4,99,5.9,62,74,9.1,4.4,8,True,5.2,10,100.0
S0987,Reginald Figueroa,18,Male,CIVIL,8,77,3.9,57,42,9.55,7.6,6,True,1.2,9,100.0
S0988,Richard Castro,22,Female,MECH,2,92,7.2,49,70,8.39,5.4,9,False,3.7,2,100.0
S0989,Rachel Alexander,18,Male,ECE,5,78,7.7,49,61,6.86,5.5,5,False,5.4,9,100.0
S0990,William Franco MD,20,Female,AIML,5,63,3.4,80,35,9.96,6.0,2,False,2.2,1,93.12
S0991,Andrea Guerrero,19,Male,MECH,8,51,7.2,70,43,8.74,5.4,9,False,1.4,9,100.0
S0992,Roger Flores,21,Male,AIML,7,86,6.4,65,54,6.31,5.7,3,False,2.3,5,98.22
S0993,Sarah Campbell,18,Female,CIVIL,2,71,4.9,62,49,6.66,5.9,4,False,1.5,1,91.01
S0994,Gregory Chapman,22,Female,ECE,4,97,3.7,52,89,5.67,6.6,5,False,2.2,10,100.0
S0995,Amy Davis,22,Male,CSE,5,59,1.1,92,97,5.97,8.1,10,True,1.7,2,62.56
S0996,Kyle May,21,Male,AIML,5,68,6.0,57,63,9.17,8.6,3,True,3.2,3,100.0
S0997,Robert Wilson,19,Male,EEE,5,71,7.2,78,82,9.43,7.6,4,True,2.5,7,100.0
S0998,Natalie Harrison,20,Male,CSE,6,72,1.8,84,77,6.24,6.2,3,True,5.9,1,79.67
S0999,Theodore James,21,Female,EEE,4,83,2.5,47,44,5.98,4.2,5,False,3.7,7,81.23
S1000,Richard Walker,23,Male,ECE,3,86,7.1,72,54,7.89,6.1,9,True,6.9,4,93.04
